target_id,dataset_id,similarity_type,similarity_score
f936f6ca0b3e7dcb347e0487cf2453af8a224fc801f33a840bf2a00bc42e77b0,1c55d4144572be0ee5f5f95d9ce655549a7d0f55c74d576f649a85c323b31a63,jaccard,0.3529411765
f936f6ca0b3e7dcb347e0487cf2453af8a224fc801f33a840bf2a00bc42e77b0,cc7c999dcf80b0e9527b5504d3f9d78788e791258b7238a98cb299253829fbcc,jaccard,0.3125000000
f936f6ca0b3e7dcb347e0487cf2453af8a224fc801f33a840bf2a00bc42e77b0,2c2bd6f198033a90b270b4434a2fddd3b7a3a8b29416a75872e39a2181b16b48,jaccard,0.3103448276
f936f6ca0b3e7dcb347e0487cf2453af8a224fc801f33a840bf2a00bc42e77b0,4f8830dd18dd4c4414a876206b03d02b244a9b62caeb9f7642bd78affa438130,jaccard,0.3103448276
f936f6ca0b3e7dcb347e0487cf2453af8a224fc801f33a840bf2a00bc42e77b0,472e77c5448a96067bd1c51ccfff58f9f2a6a0fb06f0294e868d5f7c83f59ca3,jaccard,0.3043478261
f936f6ca0b3e7dcb347e0487cf2453af8a224fc801f33a840bf2a00bc42e77b0,a3634cede75096cc15c97ba0d1c17253ad6d75fd705383dfe82469a5b3c5cb63,jaccard,0.3043478261
f936f6ca0b3e7dcb347e0487cf2453af8a224fc801f33a840bf2a00bc42e77b0,5d1b0eb4fe5d011c4867b01b7a218e87e41cb6e39bc8c2a3470dec2115e482e6,jaccard,0.3000000000
f936f6ca0b3e7dcb347e0487cf2453af8a224fc801f33a840bf2a00bc42e77b0,5e5b5171a95955ecb0fa8f9f1ba66f313165044cc1978a447673c0ac17859170,jaccard,0.3000000000
f936f6ca0b3e7dcb347e0487cf2453af8a224fc801f33a840bf2a00bc42e77b0,4d2f6e63d4fd2ff4c068535d0d8b1ceafb75eecb0c31cea637dfb1727cb695cf,jaccard,0.2750000000
f936f6ca0b3e7dcb347e0487cf2453af8a224fc801f33a840bf2a00bc42e77b0,784560f38065089f1c61869f7ebdc58b0115d500e5113e6c09d1b4d885ccb340,jaccard,0.2727272727
f936f6ca0b3e7dcb347e0487cf2453af8a224fc801f33a840bf2a00bc42e77b0,c2d46d256b8f9490c9599eea11ecef19fde7d4fdd2dea93604cee3cea8e172ac,jaccard,0.2711864407
f936f6ca0b3e7dcb347e0487cf2453af8a224fc801f33a840bf2a00bc42e77b0,e1a7ddbf735d5c1cb9097d7614840c00e5c4d5107fa687c0ab2a2ec8948ef84e,jaccard,0.2702702703
f936f6ca0b3e7dcb347e0487cf2453af8a224fc801f33a840bf2a00bc42e77b0,a6371461da7439f4ef7008ed53331209747cba960b85c70a902d46451247a29c,jaccard,0.2619047619
f936f6ca0b3e7dcb347e0487cf2453af8a224fc801f33a840bf2a00bc42e77b0,aeeb16bba21d151520e8647a94a0c46581dc2fabc9ee2c80642dd4734f432a98,jaccard,0.2580645161
f936f6ca0b3e7dcb347e0487cf2453af8a224fc801f33a840bf2a00bc42e77b0,2f3907711c04a9022fda6818f25989480f3be29409ad60aa6eebb418aea443df,jaccard,0.2500000000
f936f6ca0b3e7dcb347e0487cf2453af8a224fc801f33a840bf2a00bc42e77b0,4304e038656f1705995b08e0a5b7a4ef7b020d492f14d73a365f36aeaae2cfa8,jaccard,0.2424242424
f936f6ca0b3e7dcb347e0487cf2453af8a224fc801f33a840bf2a00bc42e77b0,a5380558b5d0ead794ac3970b904c8412aaa417ffa426f18c3dc62b42e991711,jaccard,0.2413793103
f936f6ca0b3e7dcb347e0487cf2453af8a224fc801f33a840bf2a00bc42e77b0,337ba1bd5050c38f5e07f494d4dc0125276b0e0dea09667d86e7d763249c8f30,jaccard,0.2368421053
f936f6ca0b3e7dcb347e0487cf2453af8a224fc801f33a840bf2a00bc42e77b0,059cbde98d16f289413cac8ac66ea5b813345f02f5e1f0ceb31623e65ff9a327,jaccard,0.2352941176
f936f6ca0b3e7dcb347e0487cf2453af8a224fc801f33a840bf2a00bc42e77b0,2f542206688519003a19a39e51eba51d1f644489fd1e3fcb48ebbbd7062d5906,jaccard,0.2352941176
f936f6ca0b3e7dcb347e0487cf2453af8a224fc801f33a840bf2a00bc42e77b0,8c8c8bbbdf007f634a2b365447095594ab345058ff7d45e3fcf98c7135769e6a,jaccard,0.2325581395
f936f6ca0b3e7dcb347e0487cf2453af8a224fc801f33a840bf2a00bc42e77b0,38e52dbc0dbbc8d65987b05460d1a109a772aeb1fead029581115e4e4e15c240,jaccard,0.2272727273
f936f6ca0b3e7dcb347e0487cf2453af8a224fc801f33a840bf2a00bc42e77b0,c1ae35cd9be8a69a397e7b1e24229847a71bf7ff80bf4021429ee9804bf02652,jaccard,0.2272727273
f936f6ca0b3e7dcb347e0487cf2453af8a224fc801f33a840bf2a00bc42e77b0,52cdcb1cc9f243da170f6e30a49c3438b738d49d7141ff82f2876fe28086e908,jaccard,0.2222222222
f936f6ca0b3e7dcb347e0487cf2453af8a224fc801f33a840bf2a00bc42e77b0,9d48a1d3ff1c1a0c5cd05d1cc0f5a3e04e9ae7ae6b2a6ee12a9608b6c7d83d47,jaccard,0.2162162162
f936f6ca0b3e7dcb347e0487cf2453af8a224fc801f33a840bf2a00bc42e77b0,25d18c3823a3b210a18e69c823ce4c59fab298c315ac2a5d891027921d1c6d7e,jaccard,0.2142857143
f936f6ca0b3e7dcb347e0487cf2453af8a224fc801f33a840bf2a00bc42e77b0,b818cb146de28aef397ad51ef0403713899e0d7376acd2ec5d2d6c9258d7ba6c,jaccard,0.2121212121
f936f6ca0b3e7dcb347e0487cf2453af8a224fc801f33a840bf2a00bc42e77b0,3d7cf20ca6476e14e0a026f9bdd8ff1f26995cdc5854c3adb41a6135ef11ba83,jaccard,0.2121212121
f936f6ca0b3e7dcb347e0487cf2453af8a224fc801f33a840bf2a00bc42e77b0,750361a8039bd9876939ca3ee37312821f8cd019eabe123ef884b30433757677,jaccard,0.2105263158
f936f6ca0b3e7dcb347e0487cf2453af8a224fc801f33a840bf2a00bc42e77b0,993afa5ca786935ff44f01d5495e0583034008d30d93eaac100e6d4325dfb89d,jaccard,0.2093023256
f936f6ca0b3e7dcb347e0487cf2453af8a224fc801f33a840bf2a00bc42e77b0,e24033a0af118f6a215d79fc956b3e5faddada5590c898dd04e4a7a8ddfa3e99,jaccard,0.2083333333
f936f6ca0b3e7dcb347e0487cf2453af8a224fc801f33a840bf2a00bc42e77b0,422ba689937e3748a4b6bd3c5af2dce0211e8a48eb25767e6d1d2192d27f1f58,jaccard,0.2068965517
f936f6ca0b3e7dcb347e0487cf2453af8a224fc801f33a840bf2a00bc42e77b0,358a5079b824548ef87fcf89d3e4b5284e780edc4de8a450f3e51878d1290eca,jaccard,0.2058823529
f936f6ca0b3e7dcb347e0487cf2453af8a224fc801f33a840bf2a00bc42e77b0,ec9b16f63e7f1334124c7ecd51e4777a5b3de1f9985736ed197a75dafed18025,jaccard,0.2051282051
f936f6ca0b3e7dcb347e0487cf2453af8a224fc801f33a840bf2a00bc42e77b0,b3d113dab0b7da85b949149a458567fa2dba6a1b2659e1f58d5652917469ef44,jaccard,0.2000000000
f936f6ca0b3e7dcb347e0487cf2453af8a224fc801f33a840bf2a00bc42e77b0,58a98de81bf067e37ae13ff5140be15b4b156ae5adcf05671aa7023f4fde2a44,jaccard,0.2000000000
f936f6ca0b3e7dcb347e0487cf2453af8a224fc801f33a840bf2a00bc42e77b0,612a1156a16e174cb3f2d69f6ebee02301bb4810ef68a5e07001b3e18f201c26,jaccard,0.2000000000
f936f6ca0b3e7dcb347e0487cf2453af8a224fc801f33a840bf2a00bc42e77b0,840ebbcc1ed66f3b4095e6128181d4ed680b44d3cc467bd5192b09fcf27adcdf,jaccard,0.2000000000
f936f6ca0b3e7dcb347e0487cf2453af8a224fc801f33a840bf2a00bc42e77b0,d9b6982e6ebb44f281207474f885164df5748889ee12d2f21ceaf13ce1315f52,jaccard,0.2000000000
f936f6ca0b3e7dcb347e0487cf2453af8a224fc801f33a840bf2a00bc42e77b0,6660d0e87a142ab1bde4521d9c6f5e148490b05a57c71122e28280b35452e896,jaccard,0.2000000000
f936f6ca0b3e7dcb347e0487cf2453af8a224fc801f33a840bf2a00bc42e77b0,912643ee34a00adf2160b1e50272bb04cec2139a89f8dbb1eae7704a54abe01a,jaccard,0.2000000000
f936f6ca0b3e7dcb347e0487cf2453af8a224fc801f33a840bf2a00bc42e77b0,0f54e0f3c3408647bf9844f9d97b64dbc62278091280b3d7bf1db5bdde3fc436,jaccard,0.2000000000
f936f6ca0b3e7dcb347e0487cf2453af8a224fc801f33a840bf2a00bc42e77b0,51069afe5b2c62522b68911c1dcf5bc0a089a76bc193d05908faa60ba284109a,jaccard,0.2000000000
f936f6ca0b3e7dcb347e0487cf2453af8a224fc801f33a840bf2a00bc42e77b0,c1fb7c4e8f1a3346aa1046a15a36369e916cc7307cd5089b05606192c8be8d7e,jaccard,0.2000000000
f936f6ca0b3e7dcb347e0487cf2453af8a224fc801f33a840bf2a00bc42e77b0,ea6708c3be6f8f4ad01b29bf906dcee23b87183c26a497d867026e302d595be2,jaccard,0.2000000000
f936f6ca0b3e7dcb347e0487cf2453af8a224fc801f33a840bf2a00bc42e77b0,e5c9d1b6f77188c03e94713b41f00afc6d12e6f82daf3604d5f34c584c2389ff,jaccard,0.2000000000
f936f6ca0b3e7dcb347e0487cf2453af8a224fc801f33a840bf2a00bc42e77b0,2c55b055d4a89fc7ba2576c9e6b172d793dc42351140ff1c834776e26c34f9a4,jaccard,0.2000000000
f936f6ca0b3e7dcb347e0487cf2453af8a224fc801f33a840bf2a00bc42e77b0,1df11bc19aa52b623bdf15380e3fded56d8eb6fb7b53a2240779864b1a6474ad,jaccard,0.2000000000
f936f6ca0b3e7dcb347e0487cf2453af8a224fc801f33a840bf2a00bc42e77b0,241589089e32610bf1d0620cec1d1b6905b0426d3125e7047bb275d962f226cf,jaccard,0.2000000000
f936f6ca0b3e7dcb347e0487cf2453af8a224fc801f33a840bf2a00bc42e77b0,04fdb3ba76452feea3b4bc18bcf9cd9f2255198d0d46447547e7a19942f563c2,jaccard,0.2000000000
f936f6ca0b3e7dcb347e0487cf2453af8a224fc801f33a840bf2a00bc42e77b0,6b2bc89a82c41241a24f0a8c7972b563e30303bf7c277d767ac5766510e8f03e,jaccard,0.2000000000
f936f6ca0b3e7dcb347e0487cf2453af8a224fc801f33a840bf2a00bc42e77b0,8bfa4c75f7d250744c857d4654efad7f5a2c1f3f2a189a0f6947760f911c84d7,jaccard,0.2000000000
f936f6ca0b3e7dcb347e0487cf2453af8a224fc801f33a840bf2a00bc42e77b0,82ad9cc131eed3074341a8b1bda30207c6b0505dd165c69cb536d6efdbabb86d,jaccard,0.2000000000
f936f6ca0b3e7dcb347e0487cf2453af8a224fc801f33a840bf2a00bc42e77b0,c785eb3191ed4729934ee9891374ecf45cfc625db0e21a406cc419681d945196,jaccard,0.2000000000
f936f6ca0b3e7dcb347e0487cf2453af8a224fc801f33a840bf2a00bc42e77b0,3ea80d14d46563e000b4300a80edd83c1c382f1240723ff79d197de4b1fc83bc,jaccard,0.2000000000
f936f6ca0b3e7dcb347e0487cf2453af8a224fc801f33a840bf2a00bc42e77b0,3e48de73f972a09dd4a57bbd7ae247a4229df579dade5b13273115f5085b5743,jaccard,0.2000000000
f936f6ca0b3e7dcb347e0487cf2453af8a224fc801f33a840bf2a00bc42e77b0,a2b19054a88a93101d0352063a7c1c1d4169b6a01093daba6c2d7863f65bfce9,jaccard,0.2000000000
f936f6ca0b3e7dcb347e0487cf2453af8a224fc801f33a840bf2a00bc42e77b0,4ee34cc00d2276e1398af50014c25ac15f1570ff1613bdffd65b63440ab9dd09,jaccard,0.2000000000
f936f6ca0b3e7dcb347e0487cf2453af8a224fc801f33a840bf2a00bc42e77b0,bdc9b4576df059ca895dc4f4d5491059ed86f74fa9b99ce5e9465476c4f6d9b8,jaccard,0.2000000000
f936f6ca0b3e7dcb347e0487cf2453af8a224fc801f33a840bf2a00bc42e77b0,ecf741bcb0421c4a972da3ab42eac34a8049b847b01ce699affdbf36c5a98592,jaccard,0.2000000000
f936f6ca0b3e7dcb347e0487cf2453af8a224fc801f33a840bf2a00bc42e77b0,7e44724101abeaace0c8ab6e16471862f8fed840e9f70cfb62d56bddd39bdbbc,jaccard,0.2000000000
f936f6ca0b3e7dcb347e0487cf2453af8a224fc801f33a840bf2a00bc42e77b0,8f16bf4456359f103fc596a68b0a875a89f83e81798e8fa2e619adb2b4b13dff,jaccard,0.2000000000
f936f6ca0b3e7dcb347e0487cf2453af8a224fc801f33a840bf2a00bc42e77b0,31f983668db02626b9c65b0f2fc7d14b59400c485d4ffc88418f3f76bf62ef85,jaccard,0.1944444444
f936f6ca0b3e7dcb347e0487cf2453af8a224fc801f33a840bf2a00bc42e77b0,d8f9367ba0766cdae24e569453778a563689a671074096915b69f26aeb5c3efd,jaccard,0.1944444444
f936f6ca0b3e7dcb347e0487cf2453af8a224fc801f33a840bf2a00bc42e77b0,2441721595344866251f220536f40eb877df6f30e392c13156712c55598717a0,jaccard,0.1923076923
f936f6ca0b3e7dcb347e0487cf2453af8a224fc801f33a840bf2a00bc42e77b0,8a186f546c36a34567b695addfb776f2c2df584535a133fdf3ca699d4ec64e38,jaccard,0.1923076923
f936f6ca0b3e7dcb347e0487cf2453af8a224fc801f33a840bf2a00bc42e77b0,f69fd03b940dbebd0d98a1c77fc689337b5f0355d29e86abb4dbb99ea5334891,jaccard,0.1904761905
f936f6ca0b3e7dcb347e0487cf2453af8a224fc801f33a840bf2a00bc42e77b0,0fda176b199295f72fafc3bc25cefa27fa44ed7712c3a24ca2409217e430436d,jaccard,0.1904761905
f936f6ca0b3e7dcb347e0487cf2453af8a224fc801f33a840bf2a00bc42e77b0,d29a1b857a9b293a671c4ba7d8caa2a9cf8717244a6aa57211d9c66d2f2ea257,jaccard,0.1904761905
f936f6ca0b3e7dcb347e0487cf2453af8a224fc801f33a840bf2a00bc42e77b0,a915e631517c5b9eadd5062e2c12d33521950a2650d56e69f60ed0d783f35345,jaccard,0.1875000000
f936f6ca0b3e7dcb347e0487cf2453af8a224fc801f33a840bf2a00bc42e77b0,987bb2748cb98b169046adc19157f2225896231e547d55298efaea4cc19331ab,jaccard,0.1842105263
f936f6ca0b3e7dcb347e0487cf2453af8a224fc801f33a840bf2a00bc42e77b0,36b8623b6b1120313cd6a82751d5eb175d274d2952a8b3d3d6f69874fb4e88b9,jaccard,0.1818181818
f936f6ca0b3e7dcb347e0487cf2453af8a224fc801f33a840bf2a00bc42e77b0,44f53e578f99badd615955fdb2d5c5a70a69cfec2470d06e6be8d08c230b953f,jaccard,0.1818181818
f936f6ca0b3e7dcb347e0487cf2453af8a224fc801f33a840bf2a00bc42e77b0,60c163c0f00a2aeeae8648898d75314b1c5e749777f227ac6c3c84656a68516e,jaccard,0.1818181818
f936f6ca0b3e7dcb347e0487cf2453af8a224fc801f33a840bf2a00bc42e77b0,07667fb2483b4727216ad7f7ce6413f32bea9530ad405fc7a415812ef6f3449a,jaccard,0.1818181818
f936f6ca0b3e7dcb347e0487cf2453af8a224fc801f33a840bf2a00bc42e77b0,c24630ac0393879f0a49b298e23fd8bdb5caf2fc7d544735d5dc1e3d8bd31100,jaccard,0.1818181818
f936f6ca0b3e7dcb347e0487cf2453af8a224fc801f33a840bf2a00bc42e77b0,efd8049d67d1bcdb6c0aba4da7ca6d4feacc65eb874447cc2c69d12dd4a83675,jaccard,0.1818181818
f936f6ca0b3e7dcb347e0487cf2453af8a224fc801f33a840bf2a00bc42e77b0,2a6693166d2db53f60f7b18d49329204dc685a0c12c5cb8be1b62ced46980041,jaccard,0.1818181818
f936f6ca0b3e7dcb347e0487cf2453af8a224fc801f33a840bf2a00bc42e77b0,2da3696e82b2a874191a6f4e3bfd26d4b7e5aa5d187c5afdebbe52263dccd5ae,jaccard,0.1818181818
f936f6ca0b3e7dcb347e0487cf2453af8a224fc801f33a840bf2a00bc42e77b0,7dfce4f0b796f94bdfe9b151ef14fdad018c8ed02017bf1e26b087f192c4e364,jaccard,0.1818181818
f936f6ca0b3e7dcb347e0487cf2453af8a224fc801f33a840bf2a00bc42e77b0,d2c72e0d3a6a14fc83ae9f0ee58da6674ec7096fd7ddf61a7fabb6737c08fffb,jaccard,0.1818181818
f936f6ca0b3e7dcb347e0487cf2453af8a224fc801f33a840bf2a00bc42e77b0,9c672b05b987575f132c5f798a162abfa487ac60dcf19a19220b4451b10d79a2,jaccard,0.1818181818
f936f6ca0b3e7dcb347e0487cf2453af8a224fc801f33a840bf2a00bc42e77b0,6510c3886e8ddeb0b7b164f915cdb5af33622d9f662b4ef814679e75657daff1,jaccard,0.1785714286
f936f6ca0b3e7dcb347e0487cf2453af8a224fc801f33a840bf2a00bc42e77b0,a36813a35722d441ec430098be1f72cde0fb40c561ea21b858ba7c10516d62e4,jaccard,0.1785714286
f936f6ca0b3e7dcb347e0487cf2453af8a224fc801f33a840bf2a00bc42e77b0,28314e224dcbae977cbf7dec0cda849e4a56cec90b3568a29b6bbd9234b895aa,jaccard,0.1785714286
f936f6ca0b3e7dcb347e0487cf2453af8a224fc801f33a840bf2a00bc42e77b0,dc791b99f5e4e21d1022fe5cf80231da85fd716cf0132a25d1596b9680e45cf5,jaccard,0.1785714286
f936f6ca0b3e7dcb347e0487cf2453af8a224fc801f33a840bf2a00bc42e77b0,91c8694b12c7489be239393cc92091108b67422523422933d5121e428c5bb202,jaccard,0.1764705882
f936f6ca0b3e7dcb347e0487cf2453af8a224fc801f33a840bf2a00bc42e77b0,ed01ebfbc9eb5bbea545af4d01bf5f1071661840480439c6e5babe8e080e41aa,jaccard,0.1764705882
f936f6ca0b3e7dcb347e0487cf2453af8a224fc801f33a840bf2a00bc42e77b0,52d3dd78d3f1a14e18d0689ed8c5b43372f9e76401ef1ff68522575e6251d2cf,jaccard,0.1739130435
f936f6ca0b3e7dcb347e0487cf2453af8a224fc801f33a840bf2a00bc42e77b0,5c21d49a85c6d2d09a61fc58df9c41bbad07c7c58df7ac801aec3ee9b3491f2d,jaccard,0.1739130435
f936f6ca0b3e7dcb347e0487cf2453af8a224fc801f33a840bf2a00bc42e77b0,85a46e5b3e5f93a456439d5b37fd3fd3e1717db2a7b5162c008a94e4ca796245,jaccard,0.1739130435
f936f6ca0b3e7dcb347e0487cf2453af8a224fc801f33a840bf2a00bc42e77b0,420963bc3830703c8a1222f3312bcbdb5d2c173a1ded1b2d6fd492fda93373c1,jaccard,0.1739130435
f936f6ca0b3e7dcb347e0487cf2453af8a224fc801f33a840bf2a00bc42e77b0,b9d63fdb2ed5ccfb4dd3f9b0135d392aa5e2d9f5125550f96202823413752e6f,jaccard,0.1739130435
f936f6ca0b3e7dcb347e0487cf2453af8a224fc801f33a840bf2a00bc42e77b0,aa7a7e346847c1e79c0148f579c63f5e08e53b6a385193358207cddd20fc1fef,jaccard,0.1739130435
f936f6ca0b3e7dcb347e0487cf2453af8a224fc801f33a840bf2a00bc42e77b0,f4234a501edcd30d3bc15c983692c9450383b73bdd310059405c5e3a43cc730b,jaccard,0.1739130435
f936f6ca0b3e7dcb347e0487cf2453af8a224fc801f33a840bf2a00bc42e77b0,f84e0c6d7877be866064dd176f832737ae9cd04901913185c8e525efdcb9ee2e,jaccard,0.1739130435
f936f6ca0b3e7dcb347e0487cf2453af8a224fc801f33a840bf2a00bc42e77b0,431d19c662ae3489b13f1e0949efa24cb39916a398599b0b127af0b46ca984c8,jaccard,0.1739130435
f936f6ca0b3e7dcb347e0487cf2453af8a224fc801f33a840bf2a00bc42e77b0,4d810c1676246e483dcf7152c6281577fcfbea1b9a39035918efc8ef69132b45,jaccard,0.1739130435
f936f6ca0b3e7dcb347e0487cf2453af8a224fc801f33a840bf2a00bc42e77b0,8d5cb428742bb5595880a0bc104dfff1099a0a1deaab8c7260495bdc5550ae9c,jaccard,0.1739130435
f936f6ca0b3e7dcb347e0487cf2453af8a224fc801f33a840bf2a00bc42e77b0,76db21bf9e0085a6de539f60ad224b4e0dcbb1d74a69ab2efff33d1389d4fc8a,jaccard,0.1739130435
f936f6ca0b3e7dcb347e0487cf2453af8a224fc801f33a840bf2a00bc42e77b0,3aa75da2773573786f07530f5a09b8e0aacd0402fd11e14d8067b5f4607bbd6a,jaccard,0.1739130435
f936f6ca0b3e7dcb347e0487cf2453af8a224fc801f33a840bf2a00bc42e77b0,60bcf1dac338d9839433c559cc05743bb50eb27ef1bdeb17fe67d4c2e7ba6f78,jaccard,0.1739130435
f936f6ca0b3e7dcb347e0487cf2453af8a224fc801f33a840bf2a00bc42e77b0,84fd08c94c4bc99da0aeb4fecf9bc31f91bd52d4a6869e0e57f0acc9345e832d,jaccard,0.1739130435
f936f6ca0b3e7dcb347e0487cf2453af8a224fc801f33a840bf2a00bc42e77b0,29fc28e7fe1f87451e12b9a12800c80c56a3e88d0934ba5090d7e585b32fac30,jaccard,0.1739130435
f936f6ca0b3e7dcb347e0487cf2453af8a224fc801f33a840bf2a00bc42e77b0,4a13391b70f6dd4ab733e3745a787176e0e7fc33c6c0220635f3b6f65d5fd067,jaccard,0.1739130435
f936f6ca0b3e7dcb347e0487cf2453af8a224fc801f33a840bf2a00bc42e77b0,779f51468b459d7e4fa2fb6dafabd1771416f00bdd0ad587b1f3119da41edd5e,jaccard,0.1739130435
f936f6ca0b3e7dcb347e0487cf2453af8a224fc801f33a840bf2a00bc42e77b0,01383cd292942f754d098b5a36acf8f47223a8980a1a91f0afcad5a29bac92e0,jaccard,0.1739130435
f936f6ca0b3e7dcb347e0487cf2453af8a224fc801f33a840bf2a00bc42e77b0,e71c250a7f4a557997e95d51a0d91cc1323f0ca69f7b3aeb42101f988bf945e9,jaccard,0.1739130435
f936f6ca0b3e7dcb347e0487cf2453af8a224fc801f33a840bf2a00bc42e77b0,7e2adc1e8273c9662cc51304835805cc31d1a65c5b151789b69e5441cb666465,jaccard,0.1739130435
f936f6ca0b3e7dcb347e0487cf2453af8a224fc801f33a840bf2a00bc42e77b0,b8ab74dd84edb28eb65b60019e3420a82747b46e1d10d016dbf74fee5edb7ecb,jaccard,0.1739130435
f936f6ca0b3e7dcb347e0487cf2453af8a224fc801f33a840bf2a00bc42e77b0,a632288c7ae62bee60155ff916cd70e7ac14183b7789bcf64be9a186c0b75b0f,jaccard,0.1724137931
f936f6ca0b3e7dcb347e0487cf2453af8a224fc801f33a840bf2a00bc42e77b0,6c5d418831206f110eac092468ea4197e3253f3350e48b0986e130995bd46451,jaccard,0.1724137931
f936f6ca0b3e7dcb347e0487cf2453af8a224fc801f33a840bf2a00bc42e77b0,d71a7b1efc4a06afffd94f526ad496368a9c4489296076449c74eec2d76ee4ca,jaccard,0.1724137931
f936f6ca0b3e7dcb347e0487cf2453af8a224fc801f33a840bf2a00bc42e77b0,af56dead22b6e7c4b7da2ba58d1fd896a71fe52cd96a958abb856a2ae7bc17f7,jaccard,0.1702127660
f936f6ca0b3e7dcb347e0487cf2453af8a224fc801f33a840bf2a00bc42e77b0,d7ba3b1d6fe9230a53606857508d0e79682e71fbd9200e70360700d831d8fef3,jaccard,0.1694915254
f936f6ca0b3e7dcb347e0487cf2453af8a224fc801f33a840bf2a00bc42e77b0,35c2ee1406834ee537a4c945e4755f53272d46241402e96c77d0deb505c9e52b,jaccard,0.1666666667
f936f6ca0b3e7dcb347e0487cf2453af8a224fc801f33a840bf2a00bc42e77b0,447c03cc63a420c07875132d35ef027adec98e7bd446cf4f7c9d45b6af40ea2b,jaccard,0.1666666667
f936f6ca0b3e7dcb347e0487cf2453af8a224fc801f33a840bf2a00bc42e77b0,9474ca0fa771bd4dd2202e312ada0090f6890635b9039b5be855cc7cb8eab6ee,jaccard,0.1666666667
f936f6ca0b3e7dcb347e0487cf2453af8a224fc801f33a840bf2a00bc42e77b0,5c07770e22f6b69b150d3b43f2ef2145020f73738d3ba4610932189a0b62927e,jaccard,0.1666666667
f936f6ca0b3e7dcb347e0487cf2453af8a224fc801f33a840bf2a00bc42e77b0,1b5fd1069eddccb6aa751575d2e241dcaa5b2f4969d97dd6854950a8de2a8794,jaccard,0.1666666667
f936f6ca0b3e7dcb347e0487cf2453af8a224fc801f33a840bf2a00bc42e77b0,e424a0ff956433e468ec8c1220f6b2b760e8624187c011e4dabf227a285af670,jaccard,0.1666666667
f936f6ca0b3e7dcb347e0487cf2453af8a224fc801f33a840bf2a00bc42e77b0,ca087f46f97cd465f46e4ccb04181e6eae7b2c751ae7fd9e262191b979728ccc,jaccard,0.1666666667
f936f6ca0b3e7dcb347e0487cf2453af8a224fc801f33a840bf2a00bc42e77b0,ef25f37fb988e1e041e5dbbd6f30aac3918e540fc253964b054fc1ec6e45b6a2,jaccard,0.1666666667
f936f6ca0b3e7dcb347e0487cf2453af8a224fc801f33a840bf2a00bc42e77b0,f8b823dc5519d25ef2599725c25306171a8496069b1ba56cb854323ae98d10d1,jaccard,0.1666666667
f936f6ca0b3e7dcb347e0487cf2453af8a224fc801f33a840bf2a00bc42e77b0,2ee076dac5df5fe560093b56afe32431838e041e275b378b69198860cd290d11,jaccard,0.1666666667
f936f6ca0b3e7dcb347e0487cf2453af8a224fc801f33a840bf2a00bc42e77b0,3a99f6960db39c701811edf0ec230f829ac336e829c551f8b849c997e334188a,jaccard,0.1666666667
f936f6ca0b3e7dcb347e0487cf2453af8a224fc801f33a840bf2a00bc42e77b0,c79762f99daabb3053394d3b98d951a346c1aeb957606fde0040d3905aca3dfa,jaccard,0.1666666667
f936f6ca0b3e7dcb347e0487cf2453af8a224fc801f33a840bf2a00bc42e77b0,37ce65d093b8e5a9c6c1e2ad6beadec53f76b6f4085df3a4cfe32c437d7a598b,jaccard,0.1666666667
f936f6ca0b3e7dcb347e0487cf2453af8a224fc801f33a840bf2a00bc42e77b0,312f082ea8f64609d30ff62b11f564107bf7a4ec9e95944dfd3da57c6cdb4e94,jaccard,0.1666666667
f936f6ca0b3e7dcb347e0487cf2453af8a224fc801f33a840bf2a00bc42e77b0,29b2839a3033960813a5dd05a3cb57ed38960854ced4a1466e6d0760172f0bdf,jaccard,0.1666666667
f936f6ca0b3e7dcb347e0487cf2453af8a224fc801f33a840bf2a00bc42e77b0,7bfaad45889d0cb9d2bde28ef578cbe57cad912dffb0498cadc6306ed4451df4,jaccard,0.1666666667
f936f6ca0b3e7dcb347e0487cf2453af8a224fc801f33a840bf2a00bc42e77b0,f5d002bfe80b48386a6c99c41528931b7f5df736cd34094463c3f85dde0180bf,jaccard,0.1636363636
f936f6ca0b3e7dcb347e0487cf2453af8a224fc801f33a840bf2a00bc42e77b0,d0bef454a49faffb1607e1f20c91b1ee2fde7b3ddec800e83000158fa8bea386,jaccard,0.1621621622
f936f6ca0b3e7dcb347e0487cf2453af8a224fc801f33a840bf2a00bc42e77b0,68f78c6fa80a3643dc8389008bb8e3632ef1ddd9927ec079a09a5a9a773d26aa,jaccard,0.1612903226
f936f6ca0b3e7dcb347e0487cf2453af8a224fc801f33a840bf2a00bc42e77b0,ac0ec8320601c7a274a4a97536cc6f3387964581b1a676d0c276381437967ca0,jaccard,0.1612903226
f936f6ca0b3e7dcb347e0487cf2453af8a224fc801f33a840bf2a00bc42e77b0,ce9a0c42305d137c27b4f369996a15387ae6f0d1e391116f54e7733918083239,jaccard,0.1612903226
f936f6ca0b3e7dcb347e0487cf2453af8a224fc801f33a840bf2a00bc42e77b0,e6986e80395ec6fb4fc2450dd4de5ea81ba8d489a1464a1108a98f6541967af6,jaccard,0.1612903226
f936f6ca0b3e7dcb347e0487cf2453af8a224fc801f33a840bf2a00bc42e77b0,f555ba7794890e836c24d23621dfa866e6ae41a6f0f5bb653db83976ad51585f,jaccard,0.1612903226
f936f6ca0b3e7dcb347e0487cf2453af8a224fc801f33a840bf2a00bc42e77b0,3c750d7eaa45aea07cd60993c0652ff9fe04b0fee8932e117945191a3fd76914,jaccard,0.1612903226
f936f6ca0b3e7dcb347e0487cf2453af8a224fc801f33a840bf2a00bc42e77b0,556d5c93b2ceb585711ccce22e39e3327f388b893d76a3a7974967fe99a6fa7f,jaccard,0.1612903226
f936f6ca0b3e7dcb347e0487cf2453af8a224fc801f33a840bf2a00bc42e77b0,9aecf5734ff36e456fd5a50650b083c1d521d36212c0a440ec6202fc00d14380,jaccard,0.1612903226
f936f6ca0b3e7dcb347e0487cf2453af8a224fc801f33a840bf2a00bc42e77b0,0017e2bb45469ea5f02edab017f77b7242c9a3330478c748e7e8380149ded601,jaccard,0.1607142857
f936f6ca0b3e7dcb347e0487cf2453af8a224fc801f33a840bf2a00bc42e77b0,60e76eda46185d1d2e9463d15e31d4c87eb03535d368cc3471c55992bc99ad5f,jaccard,0.1600000000
f936f6ca0b3e7dcb347e0487cf2453af8a224fc801f33a840bf2a00bc42e77b0,062de0a9fa284c56323ccaa5cf9b4a70801234b129744e1def53b29a7a86b8cd,jaccard,0.1600000000
f936f6ca0b3e7dcb347e0487cf2453af8a224fc801f33a840bf2a00bc42e77b0,0cb6db3b13d90d34c76a8978afe08abae24991fa0d11cecd642c7714f9b376a8,jaccard,0.1600000000
f936f6ca0b3e7dcb347e0487cf2453af8a224fc801f33a840bf2a00bc42e77b0,bb12e133c27f52db87c0f8096ed9b3c35fa0fe4d789c712b76edc3a1bb35e409,jaccard,0.1600000000
f936f6ca0b3e7dcb347e0487cf2453af8a224fc801f33a840bf2a00bc42e77b0,b74441c89735dcb4e566607c71e88222ae2c10864ee56a21864b222b8cf05103,jaccard,0.1600000000
f936f6ca0b3e7dcb347e0487cf2453af8a224fc801f33a840bf2a00bc42e77b0,bcc9c66a08adbbeb61f6983d39e2125a6f1a1e42af54b9d799f4013340771a3b,jaccard,0.1600000000
f936f6ca0b3e7dcb347e0487cf2453af8a224fc801f33a840bf2a00bc42e77b0,f95d84bd16012696182588589d691c5eaa131d28b7dc53cad85d497d61dab85f,jaccard,0.1600000000
f936f6ca0b3e7dcb347e0487cf2453af8a224fc801f33a840bf2a00bc42e77b0,082fd5bb94abeb41478f187d82cecbc94378d781386f9711010e226deae3004f,jaccard,0.1600000000
f936f6ca0b3e7dcb347e0487cf2453af8a224fc801f33a840bf2a00bc42e77b0,97fc228c23bde829b5889b11c06d4bb0d9859e35d99e6b2e7e34cfb84c1eba15,jaccard,0.1590909091
f936f6ca0b3e7dcb347e0487cf2453af8a224fc801f33a840bf2a00bc42e77b0,1ffd6559d21470c40dcf9236da51e5823d7ad58c93502279871c3fe7718c901c,jaccard,0.1590909091
f936f6ca0b3e7dcb347e0487cf2453af8a224fc801f33a840bf2a00bc42e77b0,a44d262ed7c8085b22ad15653bd2a7d3ecc966c3e7c54252de5670ce64027847,jaccard,0.1578947368
f936f6ca0b3e7dcb347e0487cf2453af8a224fc801f33a840bf2a00bc42e77b0,e5fe74a699fdee524980b0ccdfe82a6a98abd5c011ba909822455b831720b686,jaccard,0.1578947368
f936f6ca0b3e7dcb347e0487cf2453af8a224fc801f33a840bf2a00bc42e77b0,10c53048944570e3619bd2fa4dad951b8b63634f062ba676abaefbdb70b7a463,jaccard,0.1578947368
f936f6ca0b3e7dcb347e0487cf2453af8a224fc801f33a840bf2a00bc42e77b0,b9dad89b3de1d7f9a4b73a5d107c74f716a6e2e89d653c48ab47108b37ad699a,jaccard,0.1568627451
f936f6ca0b3e7dcb347e0487cf2453af8a224fc801f33a840bf2a00bc42e77b0,9c183568a371d5bfd048cb80caed15756b50d8cb7f5e3e8ec6bce045c35216ed,jaccard,0.1562500000
f936f6ca0b3e7dcb347e0487cf2453af8a224fc801f33a840bf2a00bc42e77b0,5a470ca467d4dd545901e059df5ff7960d65c7492255c728f4c382c5f9ca1a36,jaccard,0.1562500000
f936f6ca0b3e7dcb347e0487cf2453af8a224fc801f33a840bf2a00bc42e77b0,67fae5a52c5920f4eabb29229eaf5ce35572f4be29f1477ec2355a13776058fb,jaccard,0.1558441558
f936f6ca0b3e7dcb347e0487cf2453af8a224fc801f33a840bf2a00bc42e77b0,a01ed94d2c62ec929ec3cfc029fb61e4025be2f556ae559589304d5c7208d15f,jaccard,0.1538461538
f936f6ca0b3e7dcb347e0487cf2453af8a224fc801f33a840bf2a00bc42e77b0,15aa23d4511135cccf62cd2c637a7a04dc968ed39ffd2683850a3a708c8d4c3b,jaccard,0.1538461538
f936f6ca0b3e7dcb347e0487cf2453af8a224fc801f33a840bf2a00bc42e77b0,393242de003f1c79e502bfe5b8b073f2ce1f423d5871a2261bdeffd823f8c266,jaccard,0.1538461538
f936f6ca0b3e7dcb347e0487cf2453af8a224fc801f33a840bf2a00bc42e77b0,14910c0c902170b9ae33ed613976464020ac0e6df96566a4a2974104fd587aa2,jaccard,0.1538461538
f936f6ca0b3e7dcb347e0487cf2453af8a224fc801f33a840bf2a00bc42e77b0,b72ca6cd6e45b2d7f82111021bc01cfa1e67809a012b58fb03e518db14644ea5,jaccard,0.1538461538
f936f6ca0b3e7dcb347e0487cf2453af8a224fc801f33a840bf2a00bc42e77b0,bcc999c314a9bcdb87c69516480a039848898be7ff24e92725cbb0dc39c976ec,jaccard,0.1538461538
f936f6ca0b3e7dcb347e0487cf2453af8a224fc801f33a840bf2a00bc42e77b0,ef14393974b607435db89dcd21cbfeb50d14988fec8570cf13b2dbfbd719e062,jaccard,0.1538461538
f936f6ca0b3e7dcb347e0487cf2453af8a224fc801f33a840bf2a00bc42e77b0,eb5741230e639ea52f1bb8cb9ea0d760ff6f2095878320f9a259871482638b72,jaccard,0.1538461538
f936f6ca0b3e7dcb347e0487cf2453af8a224fc801f33a840bf2a00bc42e77b0,d4169a35ad389cc7a7313bff271319fe5db7ff5894bd3a006cccfa34a308b1c7,jaccard,0.1538461538
f936f6ca0b3e7dcb347e0487cf2453af8a224fc801f33a840bf2a00bc42e77b0,0211fa99da14b1e1345530d8ecdd8445f9000c0e4a62a5af9f76e661ac48d529,jaccard,0.1538461538
f936f6ca0b3e7dcb347e0487cf2453af8a224fc801f33a840bf2a00bc42e77b0,b7f82678830c34db745a16d5551386f15ff28fda563f10c6903f6471a58e243e,jaccard,0.1538461538
f936f6ca0b3e7dcb347e0487cf2453af8a224fc801f33a840bf2a00bc42e77b0,2d22f914168c080b550e8145a06d00b826aaa8ae47abc1af5590084a68793af6,jaccard,0.1538461538
f936f6ca0b3e7dcb347e0487cf2453af8a224fc801f33a840bf2a00bc42e77b0,1c8a8199bc8cee2c76b1274dd751f6e61009c6685a3a2ddf2c859dcc99473c66,jaccard,0.1538461538
f936f6ca0b3e7dcb347e0487cf2453af8a224fc801f33a840bf2a00bc42e77b0,2f569e9b69fc4f9fa6bdf174136418488acf726271019cffc60cddfc03f7c47d,jaccard,0.1538461538
f936f6ca0b3e7dcb347e0487cf2453af8a224fc801f33a840bf2a00bc42e77b0,ac5a5556c63a939d8b7f819abed37f562e07a53d4cc774676a7145fff7b5145c,jaccard,0.1538461538
f936f6ca0b3e7dcb347e0487cf2453af8a224fc801f33a840bf2a00bc42e77b0,4b2fb0f42a923104b69a45aa7a503fbd08739ebf3711599303aa15692136fa46,jaccard,0.1538461538
f936f6ca0b3e7dcb347e0487cf2453af8a224fc801f33a840bf2a00bc42e77b0,9f932b464d9cdf2675536a0d392210acdd14987ad018aea73ac34214a7a78ce4,jaccard,0.1538461538
f936f6ca0b3e7dcb347e0487cf2453af8a224fc801f33a840bf2a00bc42e77b0,267fa786176679a2d99bf4d47cbcd8591640452ff393af7d61cfd5c0d8e67f33,jaccard,0.1538461538
f936f6ca0b3e7dcb347e0487cf2453af8a224fc801f33a840bf2a00bc42e77b0,06edeee5eaf02a2ee9849ca2b8bc9ec67c39c338c9b184c04f5f0da7c6bedfa5,jaccard,0.1538461538
f936f6ca0b3e7dcb347e0487cf2453af8a224fc801f33a840bf2a00bc42e77b0,00e90b818309e8e0c0c73f539786c434af5156cb8d4eab78658e8871b972f1bc,jaccard,0.1538461538
f936f6ca0b3e7dcb347e0487cf2453af8a224fc801f33a840bf2a00bc42e77b0,8f362cedd16992cd2605b87129e491620b323f2a60e0cbb2f77d66a38f1e2307,jaccard,0.1538461538
f936f6ca0b3e7dcb347e0487cf2453af8a224fc801f33a840bf2a00bc42e77b0,c24f98a0e80be8f215f9b93c9823497c1ea547ca9fdd3621ef6a96dfb1eaa895,jaccard,0.1538461538
f936f6ca0b3e7dcb347e0487cf2453af8a224fc801f33a840bf2a00bc42e77b0,816cd3eec54f3d6fc8f5fc851b010ce9064c35f80f86ef31af36635dc2b2c676,jaccard,0.1538461538
f936f6ca0b3e7dcb347e0487cf2453af8a224fc801f33a840bf2a00bc42e77b0,d6673bf9b292d3f876c922f011d4bd8f7ec1025f797b67d04426ce176084f249,jaccard,0.1538461538
f936f6ca0b3e7dcb347e0487cf2453af8a224fc801f33a840bf2a00bc42e77b0,dc20b344d15ca9f8bf167c5a179d635c56658e3069977a5c8cc93841ad26e847,jaccard,0.1538461538
f936f6ca0b3e7dcb347e0487cf2453af8a224fc801f33a840bf2a00bc42e77b0,7184ecf9db3c6c15ab1b97ebe8b9124c9eb5b4f9f63e9da59f6b8c63d2ff5aef,jaccard,0.1538461538
f936f6ca0b3e7dcb347e0487cf2453af8a224fc801f33a840bf2a00bc42e77b0,15d9f248ee852047b99f3e6199e8dfffdf970a7597438d02bfb2842f32ff31f7,jaccard,0.1538461538
f936f6ca0b3e7dcb347e0487cf2453af8a224fc801f33a840bf2a00bc42e77b0,d0fef87fd7e5a7214773deef4c445970147c88d5335867b552f9d4d22ef0231b,jaccard,0.1538461538
f936f6ca0b3e7dcb347e0487cf2453af8a224fc801f33a840bf2a00bc42e77b0,52b2b45ea5d9d4871a9447c0f379ac85704447de2007b54073af0c30f7fbf488,jaccard,0.1515151515
f936f6ca0b3e7dcb347e0487cf2453af8a224fc801f33a840bf2a00bc42e77b0,340a639e1ec7cb2afa90a2aba177b368e13efc4dd1313e32af30b6ceb259f7d3,jaccard,0.1515151515
f936f6ca0b3e7dcb347e0487cf2453af8a224fc801f33a840bf2a00bc42e77b0,bb86f9dc3d6233f657539dbfd68787724b849c96de18c982620805647dbda743,jaccard,0.1515151515
f936f6ca0b3e7dcb347e0487cf2453af8a224fc801f33a840bf2a00bc42e77b0,2c4d743879afbbe0b4baa18e99e515a8b0586caf23308026e233c2031e69237c,jaccard,0.1515151515
f936f6ca0b3e7dcb347e0487cf2453af8a224fc801f33a840bf2a00bc42e77b0,d531e47f8b4a9e98fc6db1f41f5f68b6e4b92e6a9213d80706c7c38ad00193fd,jaccard,0.1515151515
f936f6ca0b3e7dcb347e0487cf2453af8a224fc801f33a840bf2a00bc42e77b0,8eb7939848c171ebb4a2203ad90741bcdc5c7e1feebdd3cd1b7ca4bd4dc307ed,jaccard,0.1515151515
f936f6ca0b3e7dcb347e0487cf2453af8a224fc801f33a840bf2a00bc42e77b0,852bffb94dbd3ed18ac11311b701ee80400209a19b3660b544146b41fa3b9768,jaccard,0.1515151515
f936f6ca0b3e7dcb347e0487cf2453af8a224fc801f33a840bf2a00bc42e77b0,a4c7cb6d7212aac61a61a4f7c7c218684a8ea7727ebf26c4bf9b4f98c39a86c4,jaccard,0.1500000000
f936f6ca0b3e7dcb347e0487cf2453af8a224fc801f33a840bf2a00bc42e77b0,d77378dcc42b912e514d3bd4466cdda050dda9b57799a6c97f70e8489dd8c8d0,jaccard,0.1500000000
f936f6ca0b3e7dcb347e0487cf2453af8a224fc801f33a840bf2a00bc42e77b0,16bd868c6c2200864825de71892e8802f0f7f243f476dcd38e9d713bb0a5ee44,jaccard,0.1500000000
f936f6ca0b3e7dcb347e0487cf2453af8a224fc801f33a840bf2a00bc42e77b0,83d7f6eaf7fe075503ea6a0bc726633c34595a6eae7edd7deab95ab4d4a66fd5,jaccard,0.1481481481
f936f6ca0b3e7dcb347e0487cf2453af8a224fc801f33a840bf2a00bc42e77b0,151eacb26f65117d4a4abb8473c8650edd42b079a662f7dc4c4ebdd966045d1c,jaccard,0.1481481481
f936f6ca0b3e7dcb347e0487cf2453af8a224fc801f33a840bf2a00bc42e77b0,860bda507891cdc32d478e52513a19e20f50bb104275c46fd1ce797d83acf908,jaccard,0.1481481481
f936f6ca0b3e7dcb347e0487cf2453af8a224fc801f33a840bf2a00bc42e77b0,a8a25ee71c0e8e4a06cd1573271672b871f78eba5f41803ffda6f14006c81803,jaccard,0.1481481481
f936f6ca0b3e7dcb347e0487cf2453af8a224fc801f33a840bf2a00bc42e77b0,79216574907e890b81ef15ab90f701219ffab5b9105d351f1c1908adaff5fe4b,jaccard,0.1481481481
f936f6ca0b3e7dcb347e0487cf2453af8a224fc801f33a840bf2a00bc42e77b0,991423212ca8d7e80497bad3a159720b03de528a052cadd51e5641a0202aaf7f,jaccard,0.1481481481
f936f6ca0b3e7dcb347e0487cf2453af8a224fc801f33a840bf2a00bc42e77b0,0fa6047b89faa0096bac58ca8733687cd676b31cd75675654e4e0343ca8ae8c6,jaccard,0.1481481481
f936f6ca0b3e7dcb347e0487cf2453af8a224fc801f33a840bf2a00bc42e77b0,b407e91e4e3f005698d688198db32e9ebce62920639d4af69ffed72921310e78,jaccard,0.1481481481
f936f6ca0b3e7dcb347e0487cf2453af8a224fc801f33a840bf2a00bc42e77b0,ac0ae00f56127b9a2036156b7fb50c8eb65347d8773ca8a6e5ca0f92cc39ca59,jaccard,0.1481481481
f936f6ca0b3e7dcb347e0487cf2453af8a224fc801f33a840bf2a00bc42e77b0,af890b72e50681eee069a7024c0649ac99f60e781cb267d4849dae4b310d59c1,jaccard,0.1481481481
f936f6ca0b3e7dcb347e0487cf2453af8a224fc801f33a840bf2a00bc42e77b0,1bdb8590762f40393359ab5a12face2f6affce13834fb427d800e4eb2fdb0e63,jaccard,0.1481481481
f936f6ca0b3e7dcb347e0487cf2453af8a224fc801f33a840bf2a00bc42e77b0,f61a423a862cf7a65e83afbf7d9127178e0e994f4041fcb8dc64980bc1558e91,jaccard,0.1481481481
f936f6ca0b3e7dcb347e0487cf2453af8a224fc801f33a840bf2a00bc42e77b0,be817248c8fc124a548b2187aa95fca5b2a5de02cabbd18a2463d2cb5a1593ab,jaccard,0.1481481481
f936f6ca0b3e7dcb347e0487cf2453af8a224fc801f33a840bf2a00bc42e77b0,fd3daf1cb9b482cb4bddd379fe05feda8c87869001fd6a28d1a213ef11730ada,jaccard,0.1481481481
f936f6ca0b3e7dcb347e0487cf2453af8a224fc801f33a840bf2a00bc42e77b0,3a550e32589fda38ebeca5616292a6d6e42842958a43376cd9f01ae6f7d135ee,jaccard,0.1481481481
f936f6ca0b3e7dcb347e0487cf2453af8a224fc801f33a840bf2a00bc42e77b0,0dc042f00f5f3740477d5f1167f160f9f1744dd191784ba2dac06f10a8139551,jaccard,0.1481481481
f936f6ca0b3e7dcb347e0487cf2453af8a224fc801f33a840bf2a00bc42e77b0,01ce496e53ddf9dacd4f7781f7162d20f4dcaf5095a3c42a4325039fe0d146d0,jaccard,0.1481481481
f936f6ca0b3e7dcb347e0487cf2453af8a224fc801f33a840bf2a00bc42e77b0,cf2378fb5bcedd02d512f65f2c1ad71ff2ad5d1aeb7dcba90e1193b91a78115e,jaccard,0.1481481481
f936f6ca0b3e7dcb347e0487cf2453af8a224fc801f33a840bf2a00bc42e77b0,6db75599243651cc336024c8d4d14a05be1acb0b64627a724dd87e8aa9677240,jaccard,0.1481481481
f936f6ca0b3e7dcb347e0487cf2453af8a224fc801f33a840bf2a00bc42e77b0,7a2255a084370a4ffe76c410db4ae7204e25ed78008f476256e91754b641bc65,jaccard,0.1481481481
f936f6ca0b3e7dcb347e0487cf2453af8a224fc801f33a840bf2a00bc42e77b0,7d317343ffac1b8811eb2f88ea4739083f68616a1032ef3aaa6342b3d79f0455,jaccard,0.1481481481
f936f6ca0b3e7dcb347e0487cf2453af8a224fc801f33a840bf2a00bc42e77b0,8bb4dbfeb12ea6c27f6a4bf9ba8188cc231208519e0d7c42bb48c1d75062c76d,jaccard,0.1481481481
f936f6ca0b3e7dcb347e0487cf2453af8a224fc801f33a840bf2a00bc42e77b0,e0044b1cc8966378114308fc13e5f9a618713bc57ba6496607bb88fc971bfcb3,jaccard,0.1481481481
f936f6ca0b3e7dcb347e0487cf2453af8a224fc801f33a840bf2a00bc42e77b0,19e7ed337ed008c4d94872f8a0cc882f59e3fa705a07bcc8efef9fe87229136b,jaccard,0.1481481481
f936f6ca0b3e7dcb347e0487cf2453af8a224fc801f33a840bf2a00bc42e77b0,27d029db3120929fbdb81576d9be67aea38dde3af3824de6697755bb781d563a,jaccard,0.1481481481
f936f6ca0b3e7dcb347e0487cf2453af8a224fc801f33a840bf2a00bc42e77b0,06faab22cce2f53162f1a19d3cb5af5081339310ab43030681b88e3d10e5743e,jaccard,0.1481481481
f936f6ca0b3e7dcb347e0487cf2453af8a224fc801f33a840bf2a00bc42e77b0,bfc863ff5634087b983d29c2e0429240dffef2a379f0072802e01e69483027d3,jaccard,0.1481481481
f936f6ca0b3e7dcb347e0487cf2453af8a224fc801f33a840bf2a00bc42e77b0,788d3574c61374d134c87d8bf84a1b4c55349c41f96317d7b819eab013f80b61,jaccard,0.1481481481
f936f6ca0b3e7dcb347e0487cf2453af8a224fc801f33a840bf2a00bc42e77b0,bf4afdbcf434c5c54b8936ab45a120d6c6f3a73fd60399bd74349d289e6f543f,jaccard,0.1481481481
f936f6ca0b3e7dcb347e0487cf2453af8a224fc801f33a840bf2a00bc42e77b0,029446e73e84a56b1fccd594b300007e29681766bc585607c7eb833e16b3d36b,jaccard,0.1481481481
f936f6ca0b3e7dcb347e0487cf2453af8a224fc801f33a840bf2a00bc42e77b0,7057d3a37ba472e8991a2b77c92b1d3bcc485e84f5e6a3a88ebf90092148b00a,jaccard,0.1481481481
f936f6ca0b3e7dcb347e0487cf2453af8a224fc801f33a840bf2a00bc42e77b0,d079f48508ae054f1bd2cfb60de81ef8e6fefa7be94d8a05e4aeccaa12152cac,jaccard,0.1481481481
f936f6ca0b3e7dcb347e0487cf2453af8a224fc801f33a840bf2a00bc42e77b0,8fc58143f3ed34fbbfbb9bd1c4f583fc12fb803a685ffc20ca9a96816f30d2bd,jaccard,0.1481481481
f936f6ca0b3e7dcb347e0487cf2453af8a224fc801f33a840bf2a00bc42e77b0,65ac3e80b5d7499316fa680cb138aa9e4038f0b107aec3371cf7d7c5c24fd6f0,jaccard,0.1470588235
f936f6ca0b3e7dcb347e0487cf2453af8a224fc801f33a840bf2a00bc42e77b0,892ec6b7d5d18610afae6178542d991ee4b6b47adc7b61a02f78cc270f0cb84a,jaccard,0.1470588235
f936f6ca0b3e7dcb347e0487cf2453af8a224fc801f33a840bf2a00bc42e77b0,5fb31e60567d6a71966f7232cc9836835ad962bc588960a54c3f5a2f30f49de8,jaccard,0.1470588235
f936f6ca0b3e7dcb347e0487cf2453af8a224fc801f33a840bf2a00bc42e77b0,d0b0c22cd8d89cc33def6e5e61f4afd8d3f2aafdeba6833aa686489a104eefce,jaccard,0.1470588235
f936f6ca0b3e7dcb347e0487cf2453af8a224fc801f33a840bf2a00bc42e77b0,e4aa13a28d8809b5fbc58400d02f0c3dee7f99b884b935c68059254c992948a1,jaccard,0.1470588235
f936f6ca0b3e7dcb347e0487cf2453af8a224fc801f33a840bf2a00bc42e77b0,debfbb04e8af278715226121ad78fc5fe71720061cd697fff77183e78133b475,jaccard,0.1470588235
f936f6ca0b3e7dcb347e0487cf2453af8a224fc801f33a840bf2a00bc42e77b0,cdbed3a79d37d581fc5be268df61e13aaafa5c88a001f4e8b298d77c4b37ae13,jaccard,0.1451612903
f936f6ca0b3e7dcb347e0487cf2453af8a224fc801f33a840bf2a00bc42e77b0,a89bc5bfb93026e56434c1354508dfa0a66821d35f522429582067fc7f9200cc,jaccard,0.1428571429
f936f6ca0b3e7dcb347e0487cf2453af8a224fc801f33a840bf2a00bc42e77b0,b803f8964ba32cb741ae8f49c57609a81eb155f1af105c430d4ef22c506840b0,jaccard,0.1428571429
f936f6ca0b3e7dcb347e0487cf2453af8a224fc801f33a840bf2a00bc42e77b0,b9d0e6a73f63d4f9e77b7640934ffd3268454052fbf942ed9f9779b45c55430f,jaccard,0.1428571429
f936f6ca0b3e7dcb347e0487cf2453af8a224fc801f33a840bf2a00bc42e77b0,e222690e07d25744be76a045355534b3a6c8e8a606fdfec66885f926f1ebaadd,jaccard,0.1428571429
f936f6ca0b3e7dcb347e0487cf2453af8a224fc801f33a840bf2a00bc42e77b0,e54c15ea5da3277ce9ce7c4242db9b7e1248acc7fed2b84be6dd4d9abaa2e92d,jaccard,0.1428571429
f936f6ca0b3e7dcb347e0487cf2453af8a224fc801f33a840bf2a00bc42e77b0,cb17d332475cfea551ea8d56f90a856d096babcbd6ad4344227dd746badcdfd6,jaccard,0.1428571429
f936f6ca0b3e7dcb347e0487cf2453af8a224fc801f33a840bf2a00bc42e77b0,fef744e3a1b193d881e624e89d75e8dec5c03db9abb0e6ebdd53336606bc5949,jaccard,0.1428571429
f936f6ca0b3e7dcb347e0487cf2453af8a224fc801f33a840bf2a00bc42e77b0,f8063fd5aa2f72dc85880a5fd41c65a0d2d0645acf14b77af01e1246b21c9da3,jaccard,0.1428571429
f936f6ca0b3e7dcb347e0487cf2453af8a224fc801f33a840bf2a00bc42e77b0,1f80be7f5556f97ce097e588b184ac44c66b72b05a96d833929818774bbaaaa2,jaccard,0.1428571429
f936f6ca0b3e7dcb347e0487cf2453af8a224fc801f33a840bf2a00bc42e77b0,27faca387d9a8e5c7e43366b3eb4e0e108c9bc1bbfade960a7a41eb134f0eae0,jaccard,0.1428571429
f936f6ca0b3e7dcb347e0487cf2453af8a224fc801f33a840bf2a00bc42e77b0,191babb0f7c471b06775a0ba0246d78ab83570f5d82308a288382ecf97bc9b8a,jaccard,0.1428571429
f936f6ca0b3e7dcb347e0487cf2453af8a224fc801f33a840bf2a00bc42e77b0,925aff03ab009c8e7935cfa389fc7a34482184cc310a8d8f88a25d9a89711e86,jaccard,0.1428571429
f936f6ca0b3e7dcb347e0487cf2453af8a224fc801f33a840bf2a00bc42e77b0,7fa868c908374d9a48101bf8ed26b2f2c762773594106f176bd4ca279a91932c,jaccard,0.1428571429
f936f6ca0b3e7dcb347e0487cf2453af8a224fc801f33a840bf2a00bc42e77b0,8d3e8a01a81c542e1c45a5c7057960b0325241ac96eec1aed701c54df64e5298,jaccard,0.1428571429
f936f6ca0b3e7dcb347e0487cf2453af8a224fc801f33a840bf2a00bc42e77b0,8e57f4355c28fcb5fba9768415171d9499a24e960de241dedd246e8beb1f0d62,jaccard,0.1428571429
f936f6ca0b3e7dcb347e0487cf2453af8a224fc801f33a840bf2a00bc42e77b0,bdbfa96d17c2f06f68b3bcc84568cf445915e194f130b0dc2411805cf889b6cc,jaccard,0.1406250000
f936f6ca0b3e7dcb347e0487cf2453af8a224fc801f33a840bf2a00bc42e77b0,0340043481091d92dcfb2c498aad3c0afca2fd208ef896f65af790cc147f8891,jaccard,0.1388888889
f936f6ca0b3e7dcb347e0487cf2453af8a224fc801f33a840bf2a00bc42e77b0,28cde8bb4d2992dc507ad09b8b34385ec6fc42478b75bb4391db43747afae16a,jaccard,0.1388888889
f936f6ca0b3e7dcb347e0487cf2453af8a224fc801f33a840bf2a00bc42e77b0,385a1d06223e4d1469f1b9b7438d7219f57dbb13042750b16df81c72bcc664bd,jaccard,0.1388888889
f936f6ca0b3e7dcb347e0487cf2453af8a224fc801f33a840bf2a00bc42e77b0,5ef2e70b47c26de37bcd3e806ea7c791876b1ebda407045e3a81f3bd8ea7c3ac,jaccard,0.1379310345
f936f6ca0b3e7dcb347e0487cf2453af8a224fc801f33a840bf2a00bc42e77b0,82caa68b1cd7e2b1e9d597bda4ec3c122536630a5108da8c1c82f96b3a8c5972,jaccard,0.1379310345
f936f6ca0b3e7dcb347e0487cf2453af8a224fc801f33a840bf2a00bc42e77b0,10431b996eebfb109db1ffbf5f789d750cae0942f011591275f086e4cc946498,jaccard,0.1379310345
f936f6ca0b3e7dcb347e0487cf2453af8a224fc801f33a840bf2a00bc42e77b0,b45f9e29351506203a4101b1559e928ec3de39850008d82598b8ce1c3a7a13c3,jaccard,0.1379310345
f936f6ca0b3e7dcb347e0487cf2453af8a224fc801f33a840bf2a00bc42e77b0,d30d7676a3b4c91b77d403f81748ebf6b8824749db5f860e114a8a204bca5b8f,jaccard,0.1379310345
f936f6ca0b3e7dcb347e0487cf2453af8a224fc801f33a840bf2a00bc42e77b0,c9716a41f6865025271a42553f3240810b678f89bffaa2a5c69a0576757947ab,jaccard,0.1379310345
f936f6ca0b3e7dcb347e0487cf2453af8a224fc801f33a840bf2a00bc42e77b0,a993e52917b124010519fcf6adb63124d87c0cc594cea58b1dce686bf85d7cf9,jaccard,0.1379310345
f936f6ca0b3e7dcb347e0487cf2453af8a224fc801f33a840bf2a00bc42e77b0,c159fbb41546688567bf73b43d4d1144a00cda285006a3c8cd74ec7faba3d016,jaccard,0.1379310345
f936f6ca0b3e7dcb347e0487cf2453af8a224fc801f33a840bf2a00bc42e77b0,c1d19cee2a05f48cedd6f1f7aa6eec9e27c00cedb7135d0187200b030b302c6d,jaccard,0.1379310345
f936f6ca0b3e7dcb347e0487cf2453af8a224fc801f33a840bf2a00bc42e77b0,e248b01e3ccde76b4d8e8077d4fcb4d0b70e5200bf4e738b45a0bd28fbc2cae6,jaccard,0.1379310345
f936f6ca0b3e7dcb347e0487cf2453af8a224fc801f33a840bf2a00bc42e77b0,27ad01b87bb62fa4fa70360498cc76ce4e52c41af10d84f76c059827476119b2,jaccard,0.1379310345
f936f6ca0b3e7dcb347e0487cf2453af8a224fc801f33a840bf2a00bc42e77b0,d0f8a2be536ca434da7734bd318d2a88ea5005f47d518c30ff611185f42c3701,jaccard,0.1351351351
f936f6ca0b3e7dcb347e0487cf2453af8a224fc801f33a840bf2a00bc42e77b0,52dd0cf2c2c46f510c4861446a731366291bd65749a79addcdecc05f30bb90f5,jaccard,0.1333333333
f936f6ca0b3e7dcb347e0487cf2453af8a224fc801f33a840bf2a00bc42e77b0,64ca65d71fa8db3699aab3a274c05c0308777f7d4edbe2a5f6286f81feb85e2d,jaccard,0.1333333333
f936f6ca0b3e7dcb347e0487cf2453af8a224fc801f33a840bf2a00bc42e77b0,92c0894905793df478af3728c3be8db026e668fdb5e0adf82fc5ef83939031f1,jaccard,0.1333333333
f936f6ca0b3e7dcb347e0487cf2453af8a224fc801f33a840bf2a00bc42e77b0,240e33c28d618ba23fc7489c03dcc40e3e3d2c84ef959db800321d1946d3dbcf,jaccard,0.1333333333
f936f6ca0b3e7dcb347e0487cf2453af8a224fc801f33a840bf2a00bc42e77b0,0b58a2bed7d9d44e29ad6988250456c49863a23adeb9b5ab59763352187104b3,jaccard,0.1333333333
f936f6ca0b3e7dcb347e0487cf2453af8a224fc801f33a840bf2a00bc42e77b0,917e115cc403e29b4388e0d175cbfac3e7e40ca1742299fbdb353847db2de7c2,jaccard,0.1333333333
f936f6ca0b3e7dcb347e0487cf2453af8a224fc801f33a840bf2a00bc42e77b0,1273d769ad266f4fc8772da8dc6402a318f05f8c3a84abe3e5542e83dce1497c,jaccard,0.1333333333
f936f6ca0b3e7dcb347e0487cf2453af8a224fc801f33a840bf2a00bc42e77b0,4715d0fa523a32f9162dfba45a7fbc845a0b28fdfa9631d477168fd422fdd271,jaccard,0.1333333333
f936f6ca0b3e7dcb347e0487cf2453af8a224fc801f33a840bf2a00bc42e77b0,bbb0f1a271db0950dc5d182412a1306042dec012ce98847d278098beda085c0f,jaccard,0.1333333333
f936f6ca0b3e7dcb347e0487cf2453af8a224fc801f33a840bf2a00bc42e77b0,cf10cad3b15bac59bdf48a71791d3affd9f13606e8bcc7311756a1309f866e9a,jaccard,0.1333333333
f936f6ca0b3e7dcb347e0487cf2453af8a224fc801f33a840bf2a00bc42e77b0,ff107c629669e75b9222bcc03dd6287da864b356fff8c5bd832f333b8e420b25,jaccard,0.1333333333
f936f6ca0b3e7dcb347e0487cf2453af8a224fc801f33a840bf2a00bc42e77b0,2946528b4254f25d435788aa8d8f565624898943dc6861aad8f732dcbb4f1051,jaccard,0.1333333333
f936f6ca0b3e7dcb347e0487cf2453af8a224fc801f33a840bf2a00bc42e77b0,0771775f6646f28170c196d4ddba3ecdd1b0ada28c15dcc5b85f5c374c7b6987,jaccard,0.1333333333
f936f6ca0b3e7dcb347e0487cf2453af8a224fc801f33a840bf2a00bc42e77b0,7d0cbce0335874149e3c901e113500a5217fb7ec182c1b4b3cfe8a6852d608cd,jaccard,0.1333333333
f936f6ca0b3e7dcb347e0487cf2453af8a224fc801f33a840bf2a00bc42e77b0,b7237c2cb72c7ad699a4877b44b212805a7c88282f06a5b879288051a45cac4a,jaccard,0.1333333333
f936f6ca0b3e7dcb347e0487cf2453af8a224fc801f33a840bf2a00bc42e77b0,5ca6d298c6d1b95e2d810bf3906b55355416d88c05c17d4094f87924db898c7e,jaccard,0.1333333333
f936f6ca0b3e7dcb347e0487cf2453af8a224fc801f33a840bf2a00bc42e77b0,b28c7e4510175a83aa87b5511c73319de27fc894ffc28d561d4689c3ca27d1f9,jaccard,0.1333333333
f936f6ca0b3e7dcb347e0487cf2453af8a224fc801f33a840bf2a00bc42e77b0,a4515730dc2be572ac039d78bfc3c3e2e1bfa4a737e67f0a709b29d94c737ca6,jaccard,0.1333333333
f936f6ca0b3e7dcb347e0487cf2453af8a224fc801f33a840bf2a00bc42e77b0,d034c82de08e2aabe9f27089610a46d42fa741cfcaedec06a016810c660b402c,jaccard,0.1333333333
f936f6ca0b3e7dcb347e0487cf2453af8a224fc801f33a840bf2a00bc42e77b0,d2fb9d582fc9194f578aa64d7b3c8c850ecae8b09da07b3dae555aee55e3a154,jaccard,0.1333333333
f936f6ca0b3e7dcb347e0487cf2453af8a224fc801f33a840bf2a00bc42e77b0,e7f78e22526692e61b0df20f2f6a7d22918d6b8ed0d8489db583a0e60952ff67,jaccard,0.1333333333
f936f6ca0b3e7dcb347e0487cf2453af8a224fc801f33a840bf2a00bc42e77b0,f89c3828131de9a67cd510e9da867e2ba7de41193773deb7f7e5a14ed86e967f,jaccard,0.1333333333
f936f6ca0b3e7dcb347e0487cf2453af8a224fc801f33a840bf2a00bc42e77b0,dfef233329384f446387917bbae7247921336ea120c40933105dc578e63e7060,jaccard,0.1333333333
f936f6ca0b3e7dcb347e0487cf2453af8a224fc801f33a840bf2a00bc42e77b0,f091d0dd82cd117df69b6d047c11719eadfdc0751b9506fb22fe7e76a577c2cf,jaccard,0.1333333333
f936f6ca0b3e7dcb347e0487cf2453af8a224fc801f33a840bf2a00bc42e77b0,e397dc721542e4edcb2453699c782558e9ce7855b1993889cbe2885660935625,jaccard,0.1333333333
f936f6ca0b3e7dcb347e0487cf2453af8a224fc801f33a840bf2a00bc42e77b0,fbd8e3fb6bcaf0e1509d30735a9c268659bf53a32f8ce933148763672e7387c5,jaccard,0.1333333333
f936f6ca0b3e7dcb347e0487cf2453af8a224fc801f33a840bf2a00bc42e77b0,faabe3a0449fda6a620de4ef00d61db4f76a4fd123648e9c28ad08b60df7f680,jaccard,0.1333333333
f936f6ca0b3e7dcb347e0487cf2453af8a224fc801f33a840bf2a00bc42e77b0,f760ae9ce69f789ad453f9cb8db10644979cf45383c0119f089a9afc26b3a74a,jaccard,0.1333333333
f936f6ca0b3e7dcb347e0487cf2453af8a224fc801f33a840bf2a00bc42e77b0,a0c962a5903fb5b1e5cafe514b25a9dbc081d8dc768fe9c0b226c16cba635d20,jaccard,0.1333333333
f936f6ca0b3e7dcb347e0487cf2453af8a224fc801f33a840bf2a00bc42e77b0,9e9519db3a55dd28cc85ddb8e02990758fa23d0f387e006de073e30277bce862,jaccard,0.1333333333
f936f6ca0b3e7dcb347e0487cf2453af8a224fc801f33a840bf2a00bc42e77b0,2b396ae1fa95ef655bb7b0eb45532a857d882bb601adeb8fb1b5d43dcff9ec31,jaccard,0.1333333333
f936f6ca0b3e7dcb347e0487cf2453af8a224fc801f33a840bf2a00bc42e77b0,2bfa0884b172c9eaff7358741c164f571f0565389ab9cf99a8e0b90ae8ad914d,jaccard,0.1333333333
f936f6ca0b3e7dcb347e0487cf2453af8a224fc801f33a840bf2a00bc42e77b0,2d0bd38ea59864cdcd710759abea3f670449eb4505b54c8a8d22128691deefc1,jaccard,0.1333333333
f936f6ca0b3e7dcb347e0487cf2453af8a224fc801f33a840bf2a00bc42e77b0,0e4886f231c7c1418fc0231131283c030d6afc8098bab28204b322bf642bda7c,jaccard,0.1333333333
f936f6ca0b3e7dcb347e0487cf2453af8a224fc801f33a840bf2a00bc42e77b0,b5466ce462df16b3a29f22192b1291d70479cacf35bd5e937f35b2567da948fe,jaccard,0.1333333333
f936f6ca0b3e7dcb347e0487cf2453af8a224fc801f33a840bf2a00bc42e77b0,5381012741146f663e9aeffcdffa5db1da8f47c3a6cc7d3aa1143bc422d0c8db,jaccard,0.1333333333
f936f6ca0b3e7dcb347e0487cf2453af8a224fc801f33a840bf2a00bc42e77b0,533a0d5026212d29ed28f290f42b5bcd80027c32b1fcb2613e588e5613527101,jaccard,0.1333333333
f936f6ca0b3e7dcb347e0487cf2453af8a224fc801f33a840bf2a00bc42e77b0,5d37dda7b65f39f134be3805969c5c9d7dc53a2e921232dd32e5b8887fd0d908,jaccard,0.1333333333
f936f6ca0b3e7dcb347e0487cf2453af8a224fc801f33a840bf2a00bc42e77b0,90b33beb786f0c1274a79cda8d18e43b5ed5f2cad0b1e0de7b3b42370d2ffa77,jaccard,0.1333333333
f936f6ca0b3e7dcb347e0487cf2453af8a224fc801f33a840bf2a00bc42e77b0,8c1a72991fb04dc3a8cf89605fb85150ef0e742472a0c58b8fa942a1f04877b0,jaccard,0.1333333333
f936f6ca0b3e7dcb347e0487cf2453af8a224fc801f33a840bf2a00bc42e77b0,9ad3050367fc8aab3996eedb6bd086731288c5401b587cce63fda64f6732fa93,jaccard,0.1333333333
f936f6ca0b3e7dcb347e0487cf2453af8a224fc801f33a840bf2a00bc42e77b0,5e5cfffc1cbefb7bc0439640a28eb44fabed540e073b48fa9c642b881b684040,jaccard,0.1333333333
f936f6ca0b3e7dcb347e0487cf2453af8a224fc801f33a840bf2a00bc42e77b0,d31f7a4a68a38581a88a343cbc9be8480acdba021c3bca39f6d45c4cac352be1,jaccard,0.1333333333
f936f6ca0b3e7dcb347e0487cf2453af8a224fc801f33a840bf2a00bc42e77b0,172362b2f1f5dca51f1520fc186c1e67c7002f924420c5828b90e099e96b0476,jaccard,0.1333333333
f936f6ca0b3e7dcb347e0487cf2453af8a224fc801f33a840bf2a00bc42e77b0,666d74d282cdf637e7ad87e2910a9554ca547e15dc83efd9daf91fe3aca2031a,jaccard,0.1333333333
f936f6ca0b3e7dcb347e0487cf2453af8a224fc801f33a840bf2a00bc42e77b0,850a0905c028d2db812c6aa8ec5fc3c0c604eded967cacd69df74a02e61378b8,jaccard,0.1333333333
f936f6ca0b3e7dcb347e0487cf2453af8a224fc801f33a840bf2a00bc42e77b0,4b402fc22d549d386739470a310d2b3df617cea9667d950fe26fd58f49cd89e4,jaccard,0.1333333333
f936f6ca0b3e7dcb347e0487cf2453af8a224fc801f33a840bf2a00bc42e77b0,1136cc54d8c5c563ebc7f940ed46f4ed6e95057278a94923dc0fd1f80000d7b0,jaccard,0.1333333333
f936f6ca0b3e7dcb347e0487cf2453af8a224fc801f33a840bf2a00bc42e77b0,21054e559ffbfd37f07ce33085fb9c4ed8e9583f66aaee1f68b51ea01ab2e757,jaccard,0.1333333333
f936f6ca0b3e7dcb347e0487cf2453af8a224fc801f33a840bf2a00bc42e77b0,da970dc18aee85e81725bca7e03bdb203adc8633bf497102a989675b7d136f53,jaccard,0.1333333333
f936f6ca0b3e7dcb347e0487cf2453af8a224fc801f33a840bf2a00bc42e77b0,fe035a3111a37c273676890230dd284b8bc0481377b921e9dd3818b39ef8c3e9,jaccard,0.1333333333
f936f6ca0b3e7dcb347e0487cf2453af8a224fc801f33a840bf2a00bc42e77b0,5ebeb697d30caf314b05884fd63d043c1aac03ef8d5164eefedff1bf8ceec736,jaccard,0.1333333333
f936f6ca0b3e7dcb347e0487cf2453af8a224fc801f33a840bf2a00bc42e77b0,cba58aeb27c59e275202d2b1682dde6974a0a7a9e0f33849ec1b7f1675bd38bb,jaccard,0.1333333333
f936f6ca0b3e7dcb347e0487cf2453af8a224fc801f33a840bf2a00bc42e77b0,5a5d64bb6b478e02a7bed40b6796af0c0d4d96dc8b95bca2a29c8fa01c1ae855,jaccard,0.1333333333
f936f6ca0b3e7dcb347e0487cf2453af8a224fc801f33a840bf2a00bc42e77b0,9bb8cdc427b0a4da39b2d80146810b01f9095a0a00111b0acd964c63c68f6cdd,jaccard,0.1333333333
f936f6ca0b3e7dcb347e0487cf2453af8a224fc801f33a840bf2a00bc42e77b0,c65fa1c272dfed333cc5998c8a49afb64f1e29ee034d2028486535e7e312689d,jaccard,0.1333333333
f936f6ca0b3e7dcb347e0487cf2453af8a224fc801f33a840bf2a00bc42e77b0,9fe9a0edbf56394c7f65764f1fe3a567ef7689716ee94cd1b415a00f907520bf,jaccard,0.1333333333
f936f6ca0b3e7dcb347e0487cf2453af8a224fc801f33a840bf2a00bc42e77b0,bc5c16685482832a733991a0a5a29c0affe69cb5fa4e07c1ad6bae49c46bad2b,jaccard,0.1315789474
f936f6ca0b3e7dcb347e0487cf2453af8a224fc801f33a840bf2a00bc42e77b0,cb5834ff88fd8e818ddd26ae5e6a080be8b5e17ee4238df66080175a5cf802eb,jaccard,0.1315789474
f936f6ca0b3e7dcb347e0487cf2453af8a224fc801f33a840bf2a00bc42e77b0,8c4294e3154675cd926ab6b772dbbe0e7a49cae16f4a37d908e1ca6748251c43,jaccard,0.1315789474
f936f6ca0b3e7dcb347e0487cf2453af8a224fc801f33a840bf2a00bc42e77b0,8a492973b12f84f49c52216d8c29755597f0b92a02311286b1f75ef5c265c30d,jaccard,0.1315789474
f936f6ca0b3e7dcb347e0487cf2453af8a224fc801f33a840bf2a00bc42e77b0,b9689ae1336839dcea078f89cd37596f2c52fe818915db19064d7dfbf08abe54,jaccard,0.1315789474
f936f6ca0b3e7dcb347e0487cf2453af8a224fc801f33a840bf2a00bc42e77b0,8b87459483248d7b95424cd52b7d4f3031e89c6644adc2e167556e071d9ec3aa,jaccard,0.1296296296
f936f6ca0b3e7dcb347e0487cf2453af8a224fc801f33a840bf2a00bc42e77b0,57a8bfc0fbd4dfa10de20bb5810475ed8b5f94aa71411f0859cdc9b7d91d9b28,jaccard,0.1290322581
f936f6ca0b3e7dcb347e0487cf2453af8a224fc801f33a840bf2a00bc42e77b0,91b8833d045e42de89fceb8698a75cd45b3a1b45fc67d1115cf9a181d7ca100b,jaccard,0.1290322581
f936f6ca0b3e7dcb347e0487cf2453af8a224fc801f33a840bf2a00bc42e77b0,00d56f9d4e23372133f953d1a0bb58567bc2e9bc34f9e70304116a6382448458,jaccard,0.1290322581
f936f6ca0b3e7dcb347e0487cf2453af8a224fc801f33a840bf2a00bc42e77b0,0ffab407dd3ebd93f007e24f439bbda8c8b68d50b5ba6537213608608c6f8d61,jaccard,0.1290322581
f936f6ca0b3e7dcb347e0487cf2453af8a224fc801f33a840bf2a00bc42e77b0,aa4ebbd38ad2aa5a12d999f6880f4053f676fbabc00a8b26c68bf212a6a2c3b4,jaccard,0.1290322581
f936f6ca0b3e7dcb347e0487cf2453af8a224fc801f33a840bf2a00bc42e77b0,9540d034f1814af5581f3540d9130367acf7f1376047a3b00c6d2f5069c3b02e,jaccard,0.1290322581
f936f6ca0b3e7dcb347e0487cf2453af8a224fc801f33a840bf2a00bc42e77b0,f434dde30d9a4e51fe173e8bd509e73732ee23814fb92753df8130ef7cbf8557,jaccard,0.1290322581
f936f6ca0b3e7dcb347e0487cf2453af8a224fc801f33a840bf2a00bc42e77b0,2d7def3cae44ef0e08b5f203a9c430c0dbbcf0098ceb2999e8c0f4b0d98c3b5f,jaccard,0.1290322581
f936f6ca0b3e7dcb347e0487cf2453af8a224fc801f33a840bf2a00bc42e77b0,8cf3201b5683581835a69266235c7425658b29e1e465d2c1fc9e3eade4d6b1be,jaccard,0.1290322581
f936f6ca0b3e7dcb347e0487cf2453af8a224fc801f33a840bf2a00bc42e77b0,973f558936e9cd63c00eba6da49d86b6f34f3e0af54a314356d6271faa328745,jaccard,0.1290322581
f936f6ca0b3e7dcb347e0487cf2453af8a224fc801f33a840bf2a00bc42e77b0,a3225cdecee4f51aef9815859cdbaa70d5ce3b5e97d52518a5e0c5e2ac5deb12,jaccard,0.1290322581
f936f6ca0b3e7dcb347e0487cf2453af8a224fc801f33a840bf2a00bc42e77b0,5a9a3c1a7abfcf03bc270126a2a438713a1927cdfa92e6c8c72d7443ceee2eb8,jaccard,0.1290322581
f936f6ca0b3e7dcb347e0487cf2453af8a224fc801f33a840bf2a00bc42e77b0,d12662f643b6daf1cfca3b45633eb2bf92c7928dbd0670718e5d57d24fb851e0,jaccard,0.1290322581
f936f6ca0b3e7dcb347e0487cf2453af8a224fc801f33a840bf2a00bc42e77b0,47877f3c1845e3953521074c3e9edf10872e8c3d2ca495dea935bbc6f3b3bc74,jaccard,0.1290322581
f936f6ca0b3e7dcb347e0487cf2453af8a224fc801f33a840bf2a00bc42e77b0,676675d128267eb409a15bf589b27e042db20bf60aa15c5b4d8af75c0e4bf534,jaccard,0.1290322581
f936f6ca0b3e7dcb347e0487cf2453af8a224fc801f33a840bf2a00bc42e77b0,56719990cf05483cd79512ca1d376baca27c1364fe110a6f9ea23cd53f8dcdeb,jaccard,0.1290322581
f936f6ca0b3e7dcb347e0487cf2453af8a224fc801f33a840bf2a00bc42e77b0,8a74737cd563828a070e74b5fa4af0eefc7a98cf8b52fcc0ee5db3c83a2d9cb0,jaccard,0.1290322581
f936f6ca0b3e7dcb347e0487cf2453af8a224fc801f33a840bf2a00bc42e77b0,d7185dbafc108576c151ff614adee6adba42d97f8fca816d1bc5a3f156af57fc,jaccard,0.1282051282
f936f6ca0b3e7dcb347e0487cf2453af8a224fc801f33a840bf2a00bc42e77b0,60f95a88f8557ededb3465a372987ccd2642ce875916b57ac2e276c44f5f4fb7,jaccard,0.1250000000
f936f6ca0b3e7dcb347e0487cf2453af8a224fc801f33a840bf2a00bc42e77b0,90ccd84f28e4dd03fb70b8739c4636acbcf8a030404b5a24264afd1acd09ecbc,jaccard,0.1250000000
f936f6ca0b3e7dcb347e0487cf2453af8a224fc801f33a840bf2a00bc42e77b0,91c19873a6cb357be6a268bcba88946c84ddaaf58764a4b82ee08f9e1ac1e28c,jaccard,0.1250000000
f936f6ca0b3e7dcb347e0487cf2453af8a224fc801f33a840bf2a00bc42e77b0,c0ccd75375402c9d18d9fd11207ddf17011449874a2bc3521c6e3b815402b578,jaccard,0.1250000000
f936f6ca0b3e7dcb347e0487cf2453af8a224fc801f33a840bf2a00bc42e77b0,245a20192e8a60b33f64b2b7d118c9d5db7cd4a91179df7689a37e8ce7d29d20,jaccard,0.1250000000
f936f6ca0b3e7dcb347e0487cf2453af8a224fc801f33a840bf2a00bc42e77b0,594e042df2d0e8b8cbe05a7d2126fbc40423f30dfbef755ab2f79d248708ae76,jaccard,0.1250000000
f936f6ca0b3e7dcb347e0487cf2453af8a224fc801f33a840bf2a00bc42e77b0,4500eda0f4d1cf716592b3e4d2576df69c3a68b585c6de4b560452454474c831,jaccard,0.1250000000
f936f6ca0b3e7dcb347e0487cf2453af8a224fc801f33a840bf2a00bc42e77b0,5251a8e8d7f924572e563bf7ebe78dbcb71c94811aa39c45f548caa1ea8ab870,jaccard,0.1250000000
f936f6ca0b3e7dcb347e0487cf2453af8a224fc801f33a840bf2a00bc42e77b0,7767d8ab0cab91977e3ba3fb74784b15699c62acd71f0e3cf80d7528c6b837d4,jaccard,0.1250000000
f936f6ca0b3e7dcb347e0487cf2453af8a224fc801f33a840bf2a00bc42e77b0,338447d40e099471b745ab89c003011a8e3443fd687845a199b76ed67f462516,jaccard,0.1250000000
f936f6ca0b3e7dcb347e0487cf2453af8a224fc801f33a840bf2a00bc42e77b0,1c4ce65bd75a1093b173417455db9fe48fc948cd5e35ea9418018b33e0dcecf4,jaccard,0.1250000000
f936f6ca0b3e7dcb347e0487cf2453af8a224fc801f33a840bf2a00bc42e77b0,eb3414abcb87814b1f26bed72e45682051e7b4cd712d30038ef5d45ea8ec3187,jaccard,0.1250000000
f936f6ca0b3e7dcb347e0487cf2453af8a224fc801f33a840bf2a00bc42e77b0,f9c7dd489dd56e10c4e003e38428fe06097aca743cc878c09bf2bda235c73e30,jaccard,0.1250000000
f936f6ca0b3e7dcb347e0487cf2453af8a224fc801f33a840bf2a00bc42e77b0,f4e6a61d2e8cd7651788e61c8b5c9fb36df48373adec1b1e875ff10adca28b90,jaccard,0.1250000000
f936f6ca0b3e7dcb347e0487cf2453af8a224fc801f33a840bf2a00bc42e77b0,2f7c9af7476a81cb3a868a6fa8015f558f3fbd008e154ab9fb5dfe06c3af3ade,jaccard,0.1250000000
f936f6ca0b3e7dcb347e0487cf2453af8a224fc801f33a840bf2a00bc42e77b0,9e6a8bc9feb9473a0200a3dddd620680e887f12e1eea7bc8241199ceff634823,jaccard,0.1250000000
f936f6ca0b3e7dcb347e0487cf2453af8a224fc801f33a840bf2a00bc42e77b0,9718cae859c4a5d43ef196aa1c7860278152e8a2faeb8863d61ddc7d3ca59076,jaccard,0.1250000000
f936f6ca0b3e7dcb347e0487cf2453af8a224fc801f33a840bf2a00bc42e77b0,4ef4eed826dab18fbe3595b31ead256962bda13217893d6143943662265e593c,jaccard,0.1250000000
f936f6ca0b3e7dcb347e0487cf2453af8a224fc801f33a840bf2a00bc42e77b0,62c4a1fafc66fd389428f73ef74c2e7309ebd3be53eeb934a8a447fa51ee253b,jaccard,0.1212121212
f936f6ca0b3e7dcb347e0487cf2453af8a224fc801f33a840bf2a00bc42e77b0,2277b1869ee1c07aaadc672a9f9ac2f7e732a6c49d83d7185e207b767e0c3ea8,jaccard,0.1212121212
f936f6ca0b3e7dcb347e0487cf2453af8a224fc801f33a840bf2a00bc42e77b0,aa5dd4972e0211d912506d36b72be348566efb407712dd97aab3c8f69bba0294,jaccard,0.1212121212
f936f6ca0b3e7dcb347e0487cf2453af8a224fc801f33a840bf2a00bc42e77b0,ce1aa1ad228720565deeb6ba1cc75c6d683434e9644ddb04f6af251a8820325e,jaccard,0.1212121212
f936f6ca0b3e7dcb347e0487cf2453af8a224fc801f33a840bf2a00bc42e77b0,2b5776c5c81b695863b32f58d2a78d4ba17267684770632edaf69546397ae946,jaccard,0.1212121212
f936f6ca0b3e7dcb347e0487cf2453af8a224fc801f33a840bf2a00bc42e77b0,8f514ff2413fa5e432688b4e5fbe53517d2fd009bcf08c74c0d0b257c961c0f9,jaccard,0.1212121212
f936f6ca0b3e7dcb347e0487cf2453af8a224fc801f33a840bf2a00bc42e77b0,f1fe80a633a1cd5361e637c748ada6d0cfebc7e07f058f60b3dce6067cc91c99,jaccard,0.1204819277
f936f6ca0b3e7dcb347e0487cf2453af8a224fc801f33a840bf2a00bc42e77b0,890fd59af3370e2ce12e0d11916d1ad4ee9b9c267c434347dbed11e9572e8645,jaccard,0.1190476190
f936f6ca0b3e7dcb347e0487cf2453af8a224fc801f33a840bf2a00bc42e77b0,584453b0ac50b6c6ca75aa0698ff3593c393709ad8b18f2708c6440528e8b7a1,jaccard,0.1176470588
f936f6ca0b3e7dcb347e0487cf2453af8a224fc801f33a840bf2a00bc42e77b0,b85b8ee9ea3f8b05ee4fc5325e2c9f060468dda68ac533d40d695b29b7906f9c,jaccard,0.1176470588
f936f6ca0b3e7dcb347e0487cf2453af8a224fc801f33a840bf2a00bc42e77b0,e718fda21871d54c4bade2114a35411b639bee1afe21ef5c5c9a608e72337a9d,jaccard,0.1176470588
f936f6ca0b3e7dcb347e0487cf2453af8a224fc801f33a840bf2a00bc42e77b0,3d87eae0bb5ada94d67ea6faa486c6c3531dae62fc06f24877609c9dbba25ee2,jaccard,0.1176470588
f936f6ca0b3e7dcb347e0487cf2453af8a224fc801f33a840bf2a00bc42e77b0,dca68095317df735cbaac8724a3d4af4aa504d1b58e30699388b67ec44a0e5b8,jaccard,0.1176470588
f936f6ca0b3e7dcb347e0487cf2453af8a224fc801f33a840bf2a00bc42e77b0,cb83f7793fb45301ea771d25d9b47f50e00e9a0b2faf41f483dac3be63eeb15d,jaccard,0.1176470588
f936f6ca0b3e7dcb347e0487cf2453af8a224fc801f33a840bf2a00bc42e77b0,841f916fd211961d16b57c00fede97127720d6d2ea52e914fa13661b1d728410,jaccard,0.1176470588
f936f6ca0b3e7dcb347e0487cf2453af8a224fc801f33a840bf2a00bc42e77b0,752e7330e3a78a5f97d052bbaad3b72803b4f9d21fe3b90f6619422dbcfe6fac,jaccard,0.1176470588
f936f6ca0b3e7dcb347e0487cf2453af8a224fc801f33a840bf2a00bc42e77b0,427abc2035bd94beb2512e021757f81b9fbac201eb72018296889a8509e56072,jaccard,0.1176470588
f936f6ca0b3e7dcb347e0487cf2453af8a224fc801f33a840bf2a00bc42e77b0,9343339fadfe0f62d6fd46c6131ed9fdf01978d817192984e69a8bbecfb406d2,jaccard,0.1170212766
f936f6ca0b3e7dcb347e0487cf2453af8a224fc801f33a840bf2a00bc42e77b0,cce241c912bf0c1da1af3a33e6fd7b603d20e578ee9817a92743f611d56a528e,jaccard,0.1162790698
f936f6ca0b3e7dcb347e0487cf2453af8a224fc801f33a840bf2a00bc42e77b0,8900cf88a91fa4fbe871385c8747c7097537f1b5f4a003418d84c01dc383dd75,jaccard,0.1162790698
f936f6ca0b3e7dcb347e0487cf2453af8a224fc801f33a840bf2a00bc42e77b0,9c2b3a7c5abdcd9cfbafc27cddcdd4054cea214e15d3a1666cf407d2479a1f7e,jaccard,0.1153846154
f936f6ca0b3e7dcb347e0487cf2453af8a224fc801f33a840bf2a00bc42e77b0,52bb9f927ef8b58981f8785949e2131ab47c050ad3ebbd19da010caec5c22c63,jaccard,0.1142857143
f936f6ca0b3e7dcb347e0487cf2453af8a224fc801f33a840bf2a00bc42e77b0,cccef70aff3b7d8bcc6264bc9e9ae833a9128b45421880e511171ad28a1cd4ce,jaccard,0.1142857143
f936f6ca0b3e7dcb347e0487cf2453af8a224fc801f33a840bf2a00bc42e77b0,546a439160f37f428820c787aa818b08ec334c8b27b631909a6eb729947ae102,jaccard,0.1142857143
f936f6ca0b3e7dcb347e0487cf2453af8a224fc801f33a840bf2a00bc42e77b0,3022b39e282c4983956263cdde6892c555e7e6cece866a3590b974f2cba5a604,jaccard,0.1142857143
f936f6ca0b3e7dcb347e0487cf2453af8a224fc801f33a840bf2a00bc42e77b0,778782d68c349fbb021a749f1370c2446c19cd3a64e7891c84c55ddf834f2e02,jaccard,0.1142857143
f936f6ca0b3e7dcb347e0487cf2453af8a224fc801f33a840bf2a00bc42e77b0,f3b7556c1a960019ed0c01cdff84412b5c58beed377181573bb34a92f00ddb76,jaccard,0.1142857143
f936f6ca0b3e7dcb347e0487cf2453af8a224fc801f33a840bf2a00bc42e77b0,cfd843a4218fd91e46bf20068627e94bcc20cf68ec6a84ad4811d39b8c6c7ccd,jaccard,0.1142857143
f936f6ca0b3e7dcb347e0487cf2453af8a224fc801f33a840bf2a00bc42e77b0,c22598e8b657e79f0b325f19188a0166b6e7a3debcefbbb3214614a91ec6c45a,jaccard,0.1142857143
f936f6ca0b3e7dcb347e0487cf2453af8a224fc801f33a840bf2a00bc42e77b0,e7fd6d23b75d0d2732db9a9e937bb7e7ed595ee3e52240f7b6dc3c03a9314270,jaccard,0.1142857143
f936f6ca0b3e7dcb347e0487cf2453af8a224fc801f33a840bf2a00bc42e77b0,d6433af8f9073eb01e076482b684cd9599bf059e09f9a128d691bd194007c8c4,jaccard,0.1142857143
f936f6ca0b3e7dcb347e0487cf2453af8a224fc801f33a840bf2a00bc42e77b0,fdb58a52dd683e2f9fedb4ed3b7f1326f2cd5c6ed0cdf87763ebb229d8476a31,jaccard,0.1142857143
f936f6ca0b3e7dcb347e0487cf2453af8a224fc801f33a840bf2a00bc42e77b0,9b43fa2ed0b5bcaf69d80ebf5288e5e35d1f03917b01f092028fe7f32442a3d7,jaccard,0.1142857143
f936f6ca0b3e7dcb347e0487cf2453af8a224fc801f33a840bf2a00bc42e77b0,2d7c79940727d8309cafe7c58204386db4d08c42623087e1acc36d7b8fa670e2,jaccard,0.1142857143
f936f6ca0b3e7dcb347e0487cf2453af8a224fc801f33a840bf2a00bc42e77b0,0d1a8fa865a99957b63339c67aa5aabc66e0001bdb4bd5f0c727f40dff2ea576,jaccard,0.1142857143
f936f6ca0b3e7dcb347e0487cf2453af8a224fc801f33a840bf2a00bc42e77b0,aa8b65b91dabd75e184fef4367d05df97aae8da466c1896b2ca60f601a8b9681,jaccard,0.1142857143
f936f6ca0b3e7dcb347e0487cf2453af8a224fc801f33a840bf2a00bc42e77b0,3f1f90e9c92d2bfafb6702b4b5019ffd7a8f11618c1fa2e3939ab84dc6fffb4d,jaccard,0.1142857143
f936f6ca0b3e7dcb347e0487cf2453af8a224fc801f33a840bf2a00bc42e77b0,5eac63fc61a6c010a8be021bf6d86d377f03c10fcd447c1342d0aba35ae6b68a,jaccard,0.1142857143
f936f6ca0b3e7dcb347e0487cf2453af8a224fc801f33a840bf2a00bc42e77b0,626e1458922127b621d2f25c7fea6aae5a6db80ce562be768f23386fcd8c0b00,jaccard,0.1142857143
f936f6ca0b3e7dcb347e0487cf2453af8a224fc801f33a840bf2a00bc42e77b0,9619da7917e44d03da1632592c37e14d5bdaa697cd168fbb94460d0d7528b25b,jaccard,0.1142857143
f936f6ca0b3e7dcb347e0487cf2453af8a224fc801f33a840bf2a00bc42e77b0,31868f961c44c39835b30bb9f1c830badc2ca50e583a7936f06ce3a32dd11d28,jaccard,0.1142857143
f936f6ca0b3e7dcb347e0487cf2453af8a224fc801f33a840bf2a00bc42e77b0,ee2d8c841bb376f17fb4a469cd2bfcdb209e5f537bd3b5791a470066ef18676e,jaccard,0.1142857143
f936f6ca0b3e7dcb347e0487cf2453af8a224fc801f33a840bf2a00bc42e77b0,a41f46ef947c9ff3b1e5625e6cf5799e776a55e48f54f7fffe19e08e826de99a,jaccard,0.1136363636
f936f6ca0b3e7dcb347e0487cf2453af8a224fc801f33a840bf2a00bc42e77b0,3610ef9aa2f76e449684abe6a2ffe45b4fc8f5d021044d6a5bf50d7632d84ce1,jaccard,0.1111111111
f936f6ca0b3e7dcb347e0487cf2453af8a224fc801f33a840bf2a00bc42e77b0,ce5992b8a0d71c99e3891eefde306c2cd686d826f25b5b99ef2695ca67a94aaa,jaccard,0.1111111111
f936f6ca0b3e7dcb347e0487cf2453af8a224fc801f33a840bf2a00bc42e77b0,d120e6bb00677771286e6b3f0d29425c87c3f6aa00cf454a4205c8cc746ea297,jaccard,0.1111111111
f936f6ca0b3e7dcb347e0487cf2453af8a224fc801f33a840bf2a00bc42e77b0,1f69810b8fe71e30a8738278adf09dd982f7de0ab9891d296ce7ea61b3fa4f69,jaccard,0.1111111111
f936f6ca0b3e7dcb347e0487cf2453af8a224fc801f33a840bf2a00bc42e77b0,fffc596389cada3bd1e1d1659029e607e14320cbdd126de7fdbe33b99f9c59d7,jaccard,0.1111111111
f936f6ca0b3e7dcb347e0487cf2453af8a224fc801f33a840bf2a00bc42e77b0,fb73a819b37523126c7708a1d06f3b8825fa60c926154ab2d511ba668f49dc4b,jaccard,0.1111111111
f936f6ca0b3e7dcb347e0487cf2453af8a224fc801f33a840bf2a00bc42e77b0,f0de5714ce83c1b278f1426a198450e9ee1a94fdaefd77d502ec9c010cc43450,jaccard,0.1111111111
f936f6ca0b3e7dcb347e0487cf2453af8a224fc801f33a840bf2a00bc42e77b0,b45c9de845522095bbfa55166b519b2be36a08cea688491b9f339e862e79c3ba,jaccard,0.1111111111
f936f6ca0b3e7dcb347e0487cf2453af8a224fc801f33a840bf2a00bc42e77b0,9bc85e2d8b9379ab4b4a7a165602aa01a3251bd131a10d3cc67f494c3a46aced,jaccard,0.1111111111
f936f6ca0b3e7dcb347e0487cf2453af8a224fc801f33a840bf2a00bc42e77b0,d6f5f66e63c87f7bd8b50fa0327beaed10a8b19f0402ec623616d4c638e962c3,jaccard,0.1081081081
f936f6ca0b3e7dcb347e0487cf2453af8a224fc801f33a840bf2a00bc42e77b0,6e2acfa891588015b4bb6f678020a482f10cfd26f383c53182ac716af5047c74,jaccard,0.1081081081
f936f6ca0b3e7dcb347e0487cf2453af8a224fc801f33a840bf2a00bc42e77b0,7c90795c9b28fac978386626f5a54033dc9cba46ef6a3f742fc7d52b394590f2,jaccard,0.1081081081
f936f6ca0b3e7dcb347e0487cf2453af8a224fc801f33a840bf2a00bc42e77b0,1468cd44eaf097486ad5a42bd11a3b3fdfc726e054259631c29c28364558e177,jaccard,0.1052631579
f936f6ca0b3e7dcb347e0487cf2453af8a224fc801f33a840bf2a00bc42e77b0,df9601c2abefafaf4da2b6b95d6beb6a8f59d62e527cb803879f49e12bc6a798,jaccard,0.1025641026
f936f6ca0b3e7dcb347e0487cf2453af8a224fc801f33a840bf2a00bc42e77b0,a07c0e1563f9d8402a8dc658421e2964425f3492cffafc718d1291c47ade6b92,jaccard,0.1025641026
f936f6ca0b3e7dcb347e0487cf2453af8a224fc801f33a840bf2a00bc42e77b0,160ffdb97712c84d3e7dca1e26924d48cd92afb6c21665df8912cae81cc91d9b,jaccard,0.1000000000
f936f6ca0b3e7dcb347e0487cf2453af8a224fc801f33a840bf2a00bc42e77b0,a111e371822094423c652cef67b75663d97e7d7a18c33213d745a1f2075d210f,jaccard,0.1000000000
f936f6ca0b3e7dcb347e0487cf2453af8a224fc801f33a840bf2a00bc42e77b0,c9db4f661a86286ad47ad92dfb544b702dca8ffe1641e276b42bec4cde7ba9b4,jaccard,0.0975609756
f936f6ca0b3e7dcb347e0487cf2453af8a224fc801f33a840bf2a00bc42e77b0,0b668d0ac89d5da1526be831f7b8c3f2af54c5dbc68c0c9ce886183ec518c051,jaccard,0.0952380952
f936f6ca0b3e7dcb347e0487cf2453af8a224fc801f33a840bf2a00bc42e77b0,daae55e6fe5fc898a9f035641df40bec187bcdd5c766549d570e2de07bff0a06,jaccard,0.0943396226
f936f6ca0b3e7dcb347e0487cf2453af8a224fc801f33a840bf2a00bc42e77b0,1667e1635736f2b2ba9727457f995a67201ddcd818496c9296713ffa18e17a43,jaccard,0.0937500000
f936f6ca0b3e7dcb347e0487cf2453af8a224fc801f33a840bf2a00bc42e77b0,00515fe91a6b40d5c5ae851cb18d31c675ff38901edd352b3e6379087d5f2b26,jaccard,0.0909090909
f936f6ca0b3e7dcb347e0487cf2453af8a224fc801f33a840bf2a00bc42e77b0,708e198608b5b463224c3fb77fcf708b845d0c7b5dbc6e9cab9e185c489be089,jaccard,0.0909090909
f936f6ca0b3e7dcb347e0487cf2453af8a224fc801f33a840bf2a00bc42e77b0,a1220eb6311115d3a4a6cbf77665fb444a54f9d715ee0e5c9651459222118c95,jaccard,0.0909090909
f936f6ca0b3e7dcb347e0487cf2453af8a224fc801f33a840bf2a00bc42e77b0,3e49fe819025e4a6e061584f1a596f535d8c7dae935a079121ef19e0c11b3e60,jaccard,0.0909090909
f936f6ca0b3e7dcb347e0487cf2453af8a224fc801f33a840bf2a00bc42e77b0,d5b1a96dc7d4007a9228abee105cd77305827ed28aac77932e7c416c888c9d30,jaccard,0.0909090909
f936f6ca0b3e7dcb347e0487cf2453af8a224fc801f33a840bf2a00bc42e77b0,2026f682ca7fd084053865abf7f6a09d28296d469631ee635139cfe941e984cc,jaccard,0.0888888889
f936f6ca0b3e7dcb347e0487cf2453af8a224fc801f33a840bf2a00bc42e77b0,d7d5d035494e9a243f80cf2f88d2362f31d0adeafa8af33693d1a196bb58c754,jaccard,0.0869565217
f936f6ca0b3e7dcb347e0487cf2453af8a224fc801f33a840bf2a00bc42e77b0,6248995ca509223d8941ef0f7348b8a31dc71a453e5b5e85d3ae871abc2cfba1,jaccard,0.0869565217
f936f6ca0b3e7dcb347e0487cf2453af8a224fc801f33a840bf2a00bc42e77b0,d71902d94f791bc465df2e02f65b2c45f1abce409d173a040df1dcdb64e5d2f7,jaccard,0.0869565217
f936f6ca0b3e7dcb347e0487cf2453af8a224fc801f33a840bf2a00bc42e77b0,22e83b1f2a1d5a6e73e51efc8a3169810070bc333fa40ba34786321210d3b670,jaccard,0.0857142857
f936f6ca0b3e7dcb347e0487cf2453af8a224fc801f33a840bf2a00bc42e77b0,70dd30ba43b00bc3fa8f01629133d8f0a4338260b7299f899d8d0d97aa0fdad3,jaccard,0.0833333333
f936f6ca0b3e7dcb347e0487cf2453af8a224fc801f33a840bf2a00bc42e77b0,9ca18641bc6b48708e4314b3f8275860aef6b9ea16cd6230d781f0abaa84c853,jaccard,0.0816326531
f936f6ca0b3e7dcb347e0487cf2453af8a224fc801f33a840bf2a00bc42e77b0,34a51dc07bde9cbe8888d913bada3b4f66240ea94e035f49c9c1e4aa087d489b,jaccard,0.0810810811
f936f6ca0b3e7dcb347e0487cf2453af8a224fc801f33a840bf2a00bc42e77b0,973e8ee15e00b702b03fa42e45cce60344dbe7dbc7d3213a81a53623c303ff5c,jaccard,0.0810810811
f936f6ca0b3e7dcb347e0487cf2453af8a224fc801f33a840bf2a00bc42e77b0,ae74817df2569f0619a180f569caf62d7ac5d5418f7a64cb4e21724f20d96dd6,jaccard,0.0810810811
f936f6ca0b3e7dcb347e0487cf2453af8a224fc801f33a840bf2a00bc42e77b0,c23039cf2f859e659e59ec362277321fbcdac680e6d9bc93fc03c8971333c25e,jaccard,0.0789473684
f936f6ca0b3e7dcb347e0487cf2453af8a224fc801f33a840bf2a00bc42e77b0,16ad6e2bd4bce6939f1b743d03707fe4cea68167a6f6dfbac9061728292697b7,jaccard,0.0789473684
f936f6ca0b3e7dcb347e0487cf2453af8a224fc801f33a840bf2a00bc42e77b0,c0384c55ee30f83644024cd305a8e538ed0a3b989e2e10371de67e765f7cc0d9,jaccard,0.0750000000
f936f6ca0b3e7dcb347e0487cf2453af8a224fc801f33a840bf2a00bc42e77b0,93fc5c91921dfc15f8173b8488a35a74998e3096bd24eaa42cd8087713cd43e1,jaccard,0.0731707317
f936f6ca0b3e7dcb347e0487cf2453af8a224fc801f33a840bf2a00bc42e77b0,58b525579968cba0c68e8f7ae12e51e0b5542acc2c14a2e75fa6df44556e373f,jaccard,0.0714285714
f936f6ca0b3e7dcb347e0487cf2453af8a224fc801f33a840bf2a00bc42e77b0,04dd197044b9d4c84a86fb2e50fc3c0c3ac5b021aa1314b821d693fa60124465,jaccard,0.0714285714
f936f6ca0b3e7dcb347e0487cf2453af8a224fc801f33a840bf2a00bc42e77b0,2bed8e9c8a557e04ab5f5c3b2a4a26133f62993277dbf0fa0ab574eabb4eddd0,jaccard,0.0714285714
f936f6ca0b3e7dcb347e0487cf2453af8a224fc801f33a840bf2a00bc42e77b0,b2fd01b66512f2a7ec6cfa1fa7907582ec461a36fc709f14f1d9504f064e6606,jaccard,0.0714285714
f936f6ca0b3e7dcb347e0487cf2453af8a224fc801f33a840bf2a00bc42e77b0,f52e1ebc1a294f9f4413a4069dd27f6926e4c64e4a0fdb21957beb3f8ec12271,jaccard,0.0714285714
f936f6ca0b3e7dcb347e0487cf2453af8a224fc801f33a840bf2a00bc42e77b0,1e899e9715679dacd49bcc56039ca51d3dad675c5d3525148bc94d1864304178,jaccard,0.0714285714
f936f6ca0b3e7dcb347e0487cf2453af8a224fc801f33a840bf2a00bc42e77b0,da5bb95145c972315ba0f1cc0c47cb4c6831f244b0532cdb95d1abaa6118ca50,jaccard,0.0714285714
f936f6ca0b3e7dcb347e0487cf2453af8a224fc801f33a840bf2a00bc42e77b0,d9e5cf75da07717a818853d2f1aa79d3d1aaa155bb06fffed3c92ccaf972aef7,jaccard,0.0714285714
f936f6ca0b3e7dcb347e0487cf2453af8a224fc801f33a840bf2a00bc42e77b0,9f4d88e9eeae7ffc241646d0233acb29bedbc9bc0c124b949567a894f8af6f54,jaccard,0.0714285714
f936f6ca0b3e7dcb347e0487cf2453af8a224fc801f33a840bf2a00bc42e77b0,6d5f838b8826f5fcfc939db18f02b7703b37f9ecab111bda1aeca6030dd3aa13,jaccard,0.0714285714
f936f6ca0b3e7dcb347e0487cf2453af8a224fc801f33a840bf2a00bc42e77b0,45e4b45aba4996e9ab4b5d097938a84a5867ed6f636c18e6f187379f5885371b,jaccard,0.0714285714
f936f6ca0b3e7dcb347e0487cf2453af8a224fc801f33a840bf2a00bc42e77b0,a60f26144eaf1e71a9b17abecfb91fb9e76ba4ae04ed13e064d1f8860152224a,jaccard,0.0714285714
f936f6ca0b3e7dcb347e0487cf2453af8a224fc801f33a840bf2a00bc42e77b0,ac68b9c8102f90cb5cb4938fee2d9528a498b9e94886e33b4ed4ba160a0073de,jaccard,0.0714285714
f936f6ca0b3e7dcb347e0487cf2453af8a224fc801f33a840bf2a00bc42e77b0,7d2680c89c943249ba247b8d75c91e3e8ef3a4778966bc4dc474137e39bd4d0b,jaccard,0.0714285714
f936f6ca0b3e7dcb347e0487cf2453af8a224fc801f33a840bf2a00bc42e77b0,3c34c23aef8934651937c31be7420d2fc8a22ca260f5afdda0f08f4d3730ae59,jaccard,0.0697674419
f936f6ca0b3e7dcb347e0487cf2453af8a224fc801f33a840bf2a00bc42e77b0,a196c6b8ffcb97ffb276d04f354696e2391311db3841ae16c8c9f56f36a38e92,jaccard,0.0689655172
f936f6ca0b3e7dcb347e0487cf2453af8a224fc801f33a840bf2a00bc42e77b0,ef9b97d49e19b228a9ce665014ffbf2ca16df1ec49c673feb9f70a1af0c519a9,jaccard,0.0689655172
f936f6ca0b3e7dcb347e0487cf2453af8a224fc801f33a840bf2a00bc42e77b0,eb84360ca4e33b8bb60df47ab5ce962501ef3420bc7aab90655fd507d2ffcedd,jaccard,0.0689655172
f936f6ca0b3e7dcb347e0487cf2453af8a224fc801f33a840bf2a00bc42e77b0,3b2e708eaa4744c76a633391cf2c983f4a098b46436525619e5ea44e105355fe,jaccard,0.0681818182
f936f6ca0b3e7dcb347e0487cf2453af8a224fc801f33a840bf2a00bc42e77b0,b50fb20396458aec55216cc9f5212162b3459bc769a38e050d4d8c22649888ae,jaccard,0.0666666667
f936f6ca0b3e7dcb347e0487cf2453af8a224fc801f33a840bf2a00bc42e77b0,a0ff457b92f9248dd442a8759232c128de720e5caddd542ea338fa42f46941e5,jaccard,0.0666666667
f936f6ca0b3e7dcb347e0487cf2453af8a224fc801f33a840bf2a00bc42e77b0,aee70e4294c47b9cbe681db4b3660ee65ca4275a4311a1240b57696bb537095e,jaccard,0.0666666667
f936f6ca0b3e7dcb347e0487cf2453af8a224fc801f33a840bf2a00bc42e77b0,e19a6d86ae39ed1dbbe9b2e092e31133ebc9f2b071c72a98bb5a09dc27d53493,jaccard,0.0666666667
f936f6ca0b3e7dcb347e0487cf2453af8a224fc801f33a840bf2a00bc42e77b0,03f51ffa9c987630724a451ad872f52bf97bd257ad06b58b6194f5dec29c8f13,jaccard,0.0666666667
f936f6ca0b3e7dcb347e0487cf2453af8a224fc801f33a840bf2a00bc42e77b0,3024777c3eeadf89d0f8bd36fa667a20cb569894e9cb070c37cf2d3f50eff872,jaccard,0.0666666667
f936f6ca0b3e7dcb347e0487cf2453af8a224fc801f33a840bf2a00bc42e77b0,1479052d908e0057cf19343d000533864d9a270a1d304218a1865da2d77f58e2,jaccard,0.0666666667
f936f6ca0b3e7dcb347e0487cf2453af8a224fc801f33a840bf2a00bc42e77b0,042271aadf2191749876fc99997d0e6bdd3b89159e7ab8cd11a9f13ae65fa6b1,jaccard,0.0606060606
f936f6ca0b3e7dcb347e0487cf2453af8a224fc801f33a840bf2a00bc42e77b0,177b40f96a09a3919b2c8846ca73abb09855d078ff9dee89610bc2b75d44cb31,jaccard,0.0588235294
f936f6ca0b3e7dcb347e0487cf2453af8a224fc801f33a840bf2a00bc42e77b0,abe871f5e7219a1448d1308f89acc883b4435574c916253a09c215809e706e1f,jaccard,0.0588235294
f936f6ca0b3e7dcb347e0487cf2453af8a224fc801f33a840bf2a00bc42e77b0,579b0544fb3ab18f7384df17157a80fcefe4e7d0d75550175ee5ebc5045cac39,jaccard,0.0571428571
f936f6ca0b3e7dcb347e0487cf2453af8a224fc801f33a840bf2a00bc42e77b0,a93e5e46ea9844c1b2ea5f332af28b77dc90a6c6b2bfeb8600adb167531413e0,jaccard,0.0571428571
f936f6ca0b3e7dcb347e0487cf2453af8a224fc801f33a840bf2a00bc42e77b0,afac44f3d45291fc6e6d4baa02c40e917cd251b9cc98956c86f1438a9ffeffc5,jaccard,0.0571428571
f936f6ca0b3e7dcb347e0487cf2453af8a224fc801f33a840bf2a00bc42e77b0,bc6c1ee2b06d35ebb30a7ee02c682c6b72e5b3101cfb47e551301d2cfdc74ac7,jaccard,0.0571428571
f936f6ca0b3e7dcb347e0487cf2453af8a224fc801f33a840bf2a00bc42e77b0,dab555fbc59517f152fe782825ca71489594db4a848f5d9264a4e0e79413a3c0,jaccard,0.0571428571
f936f6ca0b3e7dcb347e0487cf2453af8a224fc801f33a840bf2a00bc42e77b0,f31d4be2ed36280868ff07df2eea5b9f5367784c2bbc273690233523a1b0e3f7,jaccard,0.0571428571
f936f6ca0b3e7dcb347e0487cf2453af8a224fc801f33a840bf2a00bc42e77b0,2d4454d610ae48bf9ffbb7bafcf80140a286898a7ffda39113da1820575a892f,jaccard,0.0571428571
f936f6ca0b3e7dcb347e0487cf2453af8a224fc801f33a840bf2a00bc42e77b0,9fb87f7f5f15f6706b0b832d6382a43c6cf325b857af0332f5ec9f1988fc233a,jaccard,0.0571428571
f936f6ca0b3e7dcb347e0487cf2453af8a224fc801f33a840bf2a00bc42e77b0,e80fa82616da921b5f368edb0dea27f5a5ade7a3eb55ca89b32438c1900d7d34,jaccard,0.0555555556
f936f6ca0b3e7dcb347e0487cf2453af8a224fc801f33a840bf2a00bc42e77b0,d32972bc7baaa30c367bc7c01a0e01078b4754dd5ccd448b1a23ab544e8421fa,jaccard,0.0540540541
f936f6ca0b3e7dcb347e0487cf2453af8a224fc801f33a840bf2a00bc42e77b0,0b94a7d15b14faeeb09254c70908120f5e5d1047859b3a063fec4e96cb50c657,jaccard,0.0540540541
f936f6ca0b3e7dcb347e0487cf2453af8a224fc801f33a840bf2a00bc42e77b0,6a49b73fa3617fbd397c7cd35313c4c657e5a129b427d5eec19370d28854ce78,jaccard,0.0540540541
f936f6ca0b3e7dcb347e0487cf2453af8a224fc801f33a840bf2a00bc42e77b0,a2156b563ac4ab106bc976ffd63326fb55dad9f321a351b7fbe5ea2f509ec5e5,jaccard,0.0540540541
f936f6ca0b3e7dcb347e0487cf2453af8a224fc801f33a840bf2a00bc42e77b0,efc68e9572dcd8d5bc5a55b2d2093e2f3301e7b843e7ffe1354c99c7223aa231,jaccard,0.0540540541
f936f6ca0b3e7dcb347e0487cf2453af8a224fc801f33a840bf2a00bc42e77b0,a91aba394cc1c8de40a720ba8ad3f731733628ad338a21553b39ec86d36d702f,jaccard,0.0540540541
f936f6ca0b3e7dcb347e0487cf2453af8a224fc801f33a840bf2a00bc42e77b0,b3e1e9d97d74c416c2a30dd11858789af5554cf2de62f577c13944a19623777d,jaccard,0.0500000000
f936f6ca0b3e7dcb347e0487cf2453af8a224fc801f33a840bf2a00bc42e77b0,a5321ffc44084cba8e5bedc4fe98bc151b5f90a01192fa8d695ffcb0c8363ebd,jaccard,0.0465116279
f936f6ca0b3e7dcb347e0487cf2453af8a224fc801f33a840bf2a00bc42e77b0,42baf0d9105229ca324cb979bcd9fa893bd2585cb91a98c7406ef610b1e35291,jaccard,0.0454545455
f936f6ca0b3e7dcb347e0487cf2453af8a224fc801f33a840bf2a00bc42e77b0,87d71d7df9f3e28a71abb9bb8f6b037a100df45cddb9bdd562137902872ca3b6,jaccard,0.0454545455
f936f6ca0b3e7dcb347e0487cf2453af8a224fc801f33a840bf2a00bc42e77b0,9ecc8cb04d905f1efb4a9b379842f4d72a3935c01459c6b8eec6f9c0d98378a6,jaccard,0.0434782609
f936f6ca0b3e7dcb347e0487cf2453af8a224fc801f33a840bf2a00bc42e77b0,e56bedd1e87902a99a32f20b082af4677606f8efa1bd1e5913ee0e9615980171,jaccard,0.0384615385
f936f6ca0b3e7dcb347e0487cf2453af8a224fc801f33a840bf2a00bc42e77b0,d812838222fd0d9a617d15d458b450e054515591156928f5c31dfa0db220a01f,jaccard,0.0384615385
f936f6ca0b3e7dcb347e0487cf2453af8a224fc801f33a840bf2a00bc42e77b0,1cb6f41ae09b700eb04f034abd2fb8c727383d671ba11f14309dd2b49d32d54c,jaccard,0.0384615385
f936f6ca0b3e7dcb347e0487cf2453af8a224fc801f33a840bf2a00bc42e77b0,9d3e25d86425f4cb1cb83594f63474b17fb75437fe4a090d5bf4995eaee2abd2,jaccard,0.0384615385
f936f6ca0b3e7dcb347e0487cf2453af8a224fc801f33a840bf2a00bc42e77b0,95d504c99f7a810bbbc5b7bf92362a777e0f3210feb7bb8dff9ff72266f09db6,jaccard,0.0384615385
f936f6ca0b3e7dcb347e0487cf2453af8a224fc801f33a840bf2a00bc42e77b0,0195f03c60d26ccf7bf74d6c29926169ba3233f305b8c61d07e085b9aeb6c452,jaccard,0.0370370370
f936f6ca0b3e7dcb347e0487cf2453af8a224fc801f33a840bf2a00bc42e77b0,213f5c025503e250e892d59d04536da9395d36ba21cf20a0238fe5037064f4de,jaccard,0.0370370370
f936f6ca0b3e7dcb347e0487cf2453af8a224fc801f33a840bf2a00bc42e77b0,0dba4ae0e70438be2e61de3aa90147b489dd87912930fde95e6255e83efbc4c8,jaccard,0.0370370370
f936f6ca0b3e7dcb347e0487cf2453af8a224fc801f33a840bf2a00bc42e77b0,ad28bbb99354fbdc5912b497c26f6c2013574c879ea720640000011b44dc41c9,jaccard,0.0370370370
f936f6ca0b3e7dcb347e0487cf2453af8a224fc801f33a840bf2a00bc42e77b0,a294620543334a721a2ae8eaaf9680a0786f4b9a216d75b55cfd28f39e9430ea,jaccard,0.0370370370
f936f6ca0b3e7dcb347e0487cf2453af8a224fc801f33a840bf2a00bc42e77b0,c93ba1ba7147a4e59cd731f553ea7131b5ea2517c74c85c3360db10f6eac4ba4,jaccard,0.0370370370
f936f6ca0b3e7dcb347e0487cf2453af8a224fc801f33a840bf2a00bc42e77b0,6f55f8d4f012077d31e6464428b9a8a8a4a7fcd6cf77e73f8c0a8304718800c6,jaccard,0.0370370370
f936f6ca0b3e7dcb347e0487cf2453af8a224fc801f33a840bf2a00bc42e77b0,c10fe0c81ce363d98aa22cb8ac0b50303ad1f37bd57d0ad720690c6f469f7a3b,jaccard,0.0370370370
f936f6ca0b3e7dcb347e0487cf2453af8a224fc801f33a840bf2a00bc42e77b0,104d9952fbab963d6ffc537895b117544915a901d23772272d11151650ef21f2,jaccard,0.0370370370
f936f6ca0b3e7dcb347e0487cf2453af8a224fc801f33a840bf2a00bc42e77b0,4bef307f6ffd4f7335adc9a72258c1c196ff2f55b5d422e12505ffcd916b993a,jaccard,0.0370370370
f936f6ca0b3e7dcb347e0487cf2453af8a224fc801f33a840bf2a00bc42e77b0,5b38402c106d40d97f1fa99681bbf6e9815bba983be035f5a29a1f5e893638aa,jaccard,0.0370370370
f936f6ca0b3e7dcb347e0487cf2453af8a224fc801f33a840bf2a00bc42e77b0,25abc25a488468887ae9b909116f16841a6be0948c5d2b9240f64be0761653de,jaccard,0.0357142857
f936f6ca0b3e7dcb347e0487cf2453af8a224fc801f33a840bf2a00bc42e77b0,f45daafd61371b1f080a92eea8e9c8bfc9b710f22c82d5a06a1b1bf271c646ad,jaccard,0.0357142857
f936f6ca0b3e7dcb347e0487cf2453af8a224fc801f33a840bf2a00bc42e77b0,d6f9b6e3d507310a7679029dc098040ec3f3223040fe945b7cc67532779327b1,jaccard,0.0357142857
f936f6ca0b3e7dcb347e0487cf2453af8a224fc801f33a840bf2a00bc42e77b0,dddd830cca81b2e8402c75a98bb50dee4dec771a49c6328ae9d5498e8bd86f3f,jaccard,0.0357142857
f936f6ca0b3e7dcb347e0487cf2453af8a224fc801f33a840bf2a00bc42e77b0,3ffdaa1515622897c84111ab4180de09aadd03674935555270a2789625f7e513,jaccard,0.0357142857
f936f6ca0b3e7dcb347e0487cf2453af8a224fc801f33a840bf2a00bc42e77b0,d7dd571b86ec131932b440a9599ce3d9b249bbf1af9f5e722631e5f7a842e925,jaccard,0.0357142857
f936f6ca0b3e7dcb347e0487cf2453af8a224fc801f33a840bf2a00bc42e77b0,13df58cb2a7de61146bfeff4f4a54b00268bc3532c909616448342b1e99c0591,jaccard,0.0357142857
f936f6ca0b3e7dcb347e0487cf2453af8a224fc801f33a840bf2a00bc42e77b0,9c186b837c2bccd2fc41f849483ce1f6ab858c9d1ae1df29d2dbbda22496056c,jaccard,0.0357142857
f936f6ca0b3e7dcb347e0487cf2453af8a224fc801f33a840bf2a00bc42e77b0,21b63a545df6a8ccbf3a70596ce720392245a6865d45a6094df56635f069dd59,jaccard,0.0344827586
f936f6ca0b3e7dcb347e0487cf2453af8a224fc801f33a840bf2a00bc42e77b0,6241dc2ac2d2b14d6c220040b7e39755bc2e4034e70cbffd21cb8fcc44c151cb,jaccard,0.0344827586
f936f6ca0b3e7dcb347e0487cf2453af8a224fc801f33a840bf2a00bc42e77b0,8e39804f909ddfb3acb1f5765256ff6c7f73506eec614201aaaabffa823ef555,jaccard,0.0344827586
f936f6ca0b3e7dcb347e0487cf2453af8a224fc801f33a840bf2a00bc42e77b0,8adec068a8f2a765688d54aefa6e4bdc256bbca4154e891f9c0ff7cde0773519,jaccard,0.0344827586
f936f6ca0b3e7dcb347e0487cf2453af8a224fc801f33a840bf2a00bc42e77b0,0ba6e305edc2ba967fee018f839a0bfb52e6f5479d5190e8ff3263def3ca25f3,jaccard,0.0333333333
f936f6ca0b3e7dcb347e0487cf2453af8a224fc801f33a840bf2a00bc42e77b0,b529884827298734eb8a64d2b01527c43433ee90a198a2584381595be09a6857,jaccard,0.0333333333
f936f6ca0b3e7dcb347e0487cf2453af8a224fc801f33a840bf2a00bc42e77b0,d9df2e7b3f7714448b36cc5aca8db9a27bb52b00b2310abc300d0ffb6002afce,jaccard,0.0333333333
f936f6ca0b3e7dcb347e0487cf2453af8a224fc801f33a840bf2a00bc42e77b0,25114e6e448a0ccb8edd598018fc9bdaf2649d66f199577f0d781e7683660717,jaccard,0.0333333333
f936f6ca0b3e7dcb347e0487cf2453af8a224fc801f33a840bf2a00bc42e77b0,5cf79e2271db3a5a25c9273f00e0ac0eee696a8c572f41bff84fd629c5651e93,jaccard,0.0333333333
f936f6ca0b3e7dcb347e0487cf2453af8a224fc801f33a840bf2a00bc42e77b0,3d590dced909090620ef7c09e5bac071e45ed9e814a6bc6e1038648929ee1474,jaccard,0.0333333333
f936f6ca0b3e7dcb347e0487cf2453af8a224fc801f33a840bf2a00bc42e77b0,339a586e6e541cb228df0082d135fda48413e258c94686ae2786f60d7955dd4e,jaccard,0.0333333333
f936f6ca0b3e7dcb347e0487cf2453af8a224fc801f33a840bf2a00bc42e77b0,328a8b05fbe3718e41a3e3ec07593e68de43cfb1ca77fb8f29e1d3d79ea87f05,jaccard,0.0333333333
f936f6ca0b3e7dcb347e0487cf2453af8a224fc801f33a840bf2a00bc42e77b0,fc0ca51fbc6a446ee39b3cdfc49a571c75ba7398ebb3b1a212882608061bb1e4,jaccard,0.0333333333
f936f6ca0b3e7dcb347e0487cf2453af8a224fc801f33a840bf2a00bc42e77b0,904ee8689f2ebad91eda611b4dc831076af8ca848a0e3758b03e21f1f05ffb26,jaccard,0.0333333333
f936f6ca0b3e7dcb347e0487cf2453af8a224fc801f33a840bf2a00bc42e77b0,e7fd4915a63bc03b41f1dd1141a2c0ba2c3a0d0bdc3c1dbb6fdbd6388b09be74,jaccard,0.0333333333
f936f6ca0b3e7dcb347e0487cf2453af8a224fc801f33a840bf2a00bc42e77b0,4726664a1167df53e184eaf298ce91c539a5c0ad60297706caf8eee472d26455,jaccard,0.0333333333
f936f6ca0b3e7dcb347e0487cf2453af8a224fc801f33a840bf2a00bc42e77b0,33b647a646e62b8b95a40370b3a228fa50d7ac844bf4192456213ed492d74b83,jaccard,0.0322580645
f936f6ca0b3e7dcb347e0487cf2453af8a224fc801f33a840bf2a00bc42e77b0,924585f614812f098386c701ee509d65159093d1869327cbcd998f1c41f52e6a,jaccard,0.0322580645
f936f6ca0b3e7dcb347e0487cf2453af8a224fc801f33a840bf2a00bc42e77b0,1d11c985ab456d176302f4102a0391047843779b5dec3f38139e718e6d785600,jaccard,0.0312500000
f936f6ca0b3e7dcb347e0487cf2453af8a224fc801f33a840bf2a00bc42e77b0,df73bdcf081ccb79d66e5f2ca25509a8390eabbc21516a7ccf6178545eb579b2,jaccard,0.0312500000
f936f6ca0b3e7dcb347e0487cf2453af8a224fc801f33a840bf2a00bc42e77b0,a74798d23c9bde7440ed3dde108f8fd57a6f38dc66aab56a5a6db8fb009c88d1,jaccard,0.0303030303
f936f6ca0b3e7dcb347e0487cf2453af8a224fc801f33a840bf2a00bc42e77b0,5e1a5b16c34ad5789d5d8c704f8dc6b6a2c4cfecd2525630075c37036682465a,jaccard,0.0303030303
f936f6ca0b3e7dcb347e0487cf2453af8a224fc801f33a840bf2a00bc42e77b0,bd8f9f6dabfb081a5f0dc233d8d017923de3e0d10df2b40da280078d7c4c47ff,jaccard,0.0285714286
f936f6ca0b3e7dcb347e0487cf2453af8a224fc801f33a840bf2a00bc42e77b0,1341251573c17f1c576e031d98e6d23eded09f655a754754d65cc72dada5bc57,jaccard,0.0285714286
f936f6ca0b3e7dcb347e0487cf2453af8a224fc801f33a840bf2a00bc42e77b0,9cba81a7ac7f0c7a020ca9c4e06f796c4a585e3d1abd77788868dcd59a27fdad,jaccard,0.0285714286
f936f6ca0b3e7dcb347e0487cf2453af8a224fc801f33a840bf2a00bc42e77b0,7b35814be8376bdf8465e94ccb758b1cc378b055713dcd75be748e19b948a77a,jaccard,0.0277777778
f936f6ca0b3e7dcb347e0487cf2453af8a224fc801f33a840bf2a00bc42e77b0,883256088dded2fdc3a914d6e2cc68ff538a20dba921d7eab36fbc7bda213913,jaccard,0.0270270270
f936f6ca0b3e7dcb347e0487cf2453af8a224fc801f33a840bf2a00bc42e77b0,723e373934071cace27bebd6c8a8e3d72d96f84bf27e39b726cb28d731628ec5,jaccard,0.0263157895
f936f6ca0b3e7dcb347e0487cf2453af8a224fc801f33a840bf2a00bc42e77b0,9aa89ac25459a7910489f306a1ad36af2c0ebe66a1eed7f749d53a8162b157b4,jaccard,0.0263157895
f936f6ca0b3e7dcb347e0487cf2453af8a224fc801f33a840bf2a00bc42e77b0,9e1467ab8e370a976c0274bc5a901b0beab5864683a14c018d15d07cc7dd7720,jaccard,0.0232558140
f936f6ca0b3e7dcb347e0487cf2453af8a224fc801f33a840bf2a00bc42e77b0,a16d035ca37dbd7ab34c856f4cdf96a9898dcebba08c5801c99f3d3100ae6b3f,jaccard,0.0000000000
f936f6ca0b3e7dcb347e0487cf2453af8a224fc801f33a840bf2a00bc42e77b0,89e22471cada6ad8f4da2a73ed2bc168314d57606ba7f659384f1781c167cba7,jaccard,0.0000000000
f936f6ca0b3e7dcb347e0487cf2453af8a224fc801f33a840bf2a00bc42e77b0,d3bf17ac4db4f367cfed8f40f92670066ca97e98d210b043e4d3b89a4971bbdf,jaccard,0.0000000000
f936f6ca0b3e7dcb347e0487cf2453af8a224fc801f33a840bf2a00bc42e77b0,73437218cd12895c7a59c0c03009417705ed231d323e3a1ad279750e46bcc8ad,jaccard,0.0000000000
f936f6ca0b3e7dcb347e0487cf2453af8a224fc801f33a840bf2a00bc42e77b0,758582d70bd36a20a8a49df28ce92479b8af7ee6f84b44a6df08784ed93ec663,jaccard,0.0000000000
f936f6ca0b3e7dcb347e0487cf2453af8a224fc801f33a840bf2a00bc42e77b0,b47b40aeaf31f4342d50be9cb114ccdce5903db6c6aa84c73b3cb69a50bea774,jaccard,0.0000000000
f936f6ca0b3e7dcb347e0487cf2453af8a224fc801f33a840bf2a00bc42e77b0,cac690dac1ab7f072111eaca623baec624101ee38fe13b3dcd83118826d2f5c4,jaccard,0.0000000000
f936f6ca0b3e7dcb347e0487cf2453af8a224fc801f33a840bf2a00bc42e77b0,c11806a41bfe4b263711365ff5dc2fc7b7fafaf40a5c79ad199306d3cd1b2950,jaccard,0.0000000000
f936f6ca0b3e7dcb347e0487cf2453af8a224fc801f33a840bf2a00bc42e77b0,c340f0ccbcb5c5936660b8cd25b4967a12553924e8bbefd0e7cadd50ed6da6d1,jaccard,0.0000000000
f936f6ca0b3e7dcb347e0487cf2453af8a224fc801f33a840bf2a00bc42e77b0,f6ee3a24e7d397b2568fcee9ed1bcd4b69ae3afd7ccc9d6a4e8cdf8e3a47ddb0,jaccard,0.0000000000
f936f6ca0b3e7dcb347e0487cf2453af8a224fc801f33a840bf2a00bc42e77b0,fef984d0cfaacd9e1685f796788009e017649a9485e7927a61968007f6e05bcd,jaccard,0.0000000000
f936f6ca0b3e7dcb347e0487cf2453af8a224fc801f33a840bf2a00bc42e77b0,2fe7b81253f7726822e0f6ff1a3bacea73ca2356ca4dcb460493586629961ad0,jaccard,0.0000000000
f936f6ca0b3e7dcb347e0487cf2453af8a224fc801f33a840bf2a00bc42e77b0,0b919795439bfca71282fc1c6991ed0df9fbcf742a5472762d7607ff4e6c929a,jaccard,0.0000000000
f936f6ca0b3e7dcb347e0487cf2453af8a224fc801f33a840bf2a00bc42e77b0,1af648b66de630a3356319ff862160ffd6af17ede24c6f3645f86d6bfd490168,jaccard,0.0000000000
f936f6ca0b3e7dcb347e0487cf2453af8a224fc801f33a840bf2a00bc42e77b0,d4b90392cc143ffe8cc6ec13a76f46280ebd1568c4426c5f7779abdc8f1804f6,jaccard,0.0000000000
f936f6ca0b3e7dcb347e0487cf2453af8a224fc801f33a840bf2a00bc42e77b0,3d94c4a92382c5c45062d8ea0517be4011be8ba42e9c9a614a99327d0ebdf05b,jaccard,0.0000000000
f936f6ca0b3e7dcb347e0487cf2453af8a224fc801f33a840bf2a00bc42e77b0,5b169f05c80d4154ec19e26a4260681f22640d14d4f29131dd0bbecb99abd736,jaccard,0.0000000000
f936f6ca0b3e7dcb347e0487cf2453af8a224fc801f33a840bf2a00bc42e77b0,06d2775330e0fdba79346c8c1a89f588311320dcb0c18422eb8f651858b22aff,jaccard,0.0000000000
f936f6ca0b3e7dcb347e0487cf2453af8a224fc801f33a840bf2a00bc42e77b0,8fe2ada7119ce697fc34046eeb62cfef1c568f42760376226c4ab82fea01eb44,jaccard,0.0000000000
f936f6ca0b3e7dcb347e0487cf2453af8a224fc801f33a840bf2a00bc42e77b0,20fdea0c17ffb565895491b930cc6ad3df6ca3cc85780ddda1dad5a0ecd1983b,jaccard,0.0000000000
f936f6ca0b3e7dcb347e0487cf2453af8a224fc801f33a840bf2a00bc42e77b0,fef3d75efe93dfd69e1bc5855fea1b7d6d03a17b9f5127f53b489c60897dd6b9,jaccard,0.0000000000
f936f6ca0b3e7dcb347e0487cf2453af8a224fc801f33a840bf2a00bc42e77b0,803d0d4e9536f1996f54a384ea56848f2397ae0decc63f5c6a38eed6b1d83038,jaccard,0.0000000000
f936f6ca0b3e7dcb347e0487cf2453af8a224fc801f33a840bf2a00bc42e77b0,564324c43d9f0ab1753ddd1acbdba4ed2a825f6fc064aaddc3ee16bc5dd6687f,jaccard,0.0000000000
f936f6ca0b3e7dcb347e0487cf2453af8a224fc801f33a840bf2a00bc42e77b0,680289c529f4d35767c366fee328b3ea12a904d1cce8e429ddc4fa411089472a,jaccard,0.0000000000
f936f6ca0b3e7dcb347e0487cf2453af8a224fc801f33a840bf2a00bc42e77b0,6062bbdc53fc6a43026c807a0abd7199c0d8f5bf8cb3d6adcc3e20a99afdb375,jaccard,0.0000000000
f936f6ca0b3e7dcb347e0487cf2453af8a224fc801f33a840bf2a00bc42e77b0,12f1fa49ce2f2fd19db6147e547a35625c260b2fec2ecf67de89c837990c5d94,jaccard,0.0000000000
